OID_,Value,DepoZone,EUcropClas,SlopeClass,DepoZones,CropShort,SlopeTxt,lucode,Ndeposition,NUE,PUE,load_n,eff_n,crit_len_n,proportion_subsurface_n,load_p,eff_p,crit_len_p
0,1,0,5,1,<0.216 kg ha,Water & Wetlands,<= 1/2 STD = < 2.53 degrees,1,0.76596266,0.554061227,0.753258803,0.341572449,0,200,0.999401629,0,0,200
1,2,0,1,1,<0.216 kg ha,NaturalTrees,<= 1/2 STD = < 2.53 degrees,2,0.904905021,0.55013369,0.751791444,0.407086283,0.55292207,200,0.999798,0,0.55292207,200
2,3,0,5,2,<0.216 kg ha,Water & Wetlands,<= mean = 2.531- 5.06 degrees,3,0.661193073,0.55013369,0.751791444,0.297448488,0,200,0.999218106,0,0,200
3,4,0,1,2,<0.216 kg ha,NaturalTrees,<= mean = 2.531- 5.06 degrees,4,0.891883314,0.55013369,0.751791444,0.401228255,0.552428842,200,0.999766767,0,0.552428842,200
4,5,0,1,3,<0.216 kg ha,NaturalTrees,<= mean + 1 STD = 5.061-12.225 degrees,5,0.864981294,0.55013369,0.751791444,0.389125943,0.320147961,200,0.999836624,0,0.320147961,200
5,6,0,1,4,<0.216 kg ha,NaturalTrees,<= mean + 3 STD (1 STD + 2STD) = 12.226- 26.557 degrees,6,0.818892539,0.55013369,0.751791444,0.368392165,0.049379006,200,0.999911308,0,0.049379006,200
6,7,0,5,3,<0.216 kg ha,Water & Wetlands,<= mean + 1 STD = 5.061-12.225 degrees,7,0.661193073,0.55013369,0.751791444,0.297448488,0,200,0.99919647,0,0,200
7,8,0,5,4,<0.216 kg ha,Water & Wetlands,<= mean + 3 STD (1 STD + 2STD) = 12.226- 26.557 degrees,8,0.661193073,0.55013369,0.751791444,0.297448488,0,200,0.999344885,0,0,200
8,9,0,2,1,<0.216 kg ha,Non-wood Natural,<= 1/2 STD = < 2.53 degrees,9,0.735072792,0.55013369,0.751791444,0.330684485,0,200,0.999929726,0,0,200
9,10,0,2,2,<0.216 kg ha,Non-wood Natural,<= mean = 2.531- 5.06 degrees,10,0.622425497,0.55013369,0.751791444,0.280008262,0,200,0.999627471,0,0,200
10,11,0,2,3,<0.216 kg ha,Non-wood Natural,<= mean + 1 STD = 5.061-12.225 degrees,11,0.631272256,0.55013369,0.751791444,0.28398812,0,200,0.999532163,0,0,200
11,12,0,1,5,<0.216 kg ha,NaturalTrees,> mean + 3STD = 26.558-89.281 degrees,12,0.784723222,0.55013369,0.751791444,0.35302054,0,200,0.999902308,0,0,200
12,13,0,2,4,<0.216 kg ha,Non-wood Natural,<= mean + 3 STD (1 STD + 2STD) = 12.226- 26.557 degrees,13,0.65430212,0.55013369,0.751791444,0.29434848,0,200,0.999333084,0,0,200
13,14,0,2,5,<0.216 kg ha,Non-wood Natural,> mean + 3STD = 26.558-89.281 degrees,14,0.650373518,0.55013369,0.751791444,0.292581135,0,200,0.99877882,0,0,200
14,15,0,5,5,<0.216 kg ha,Water & Wetlands,> mean + 3STD = 26.558-89.281 degrees,15,0.661193073,0.55013369,0.751791444,0.297448488,0,200,0,0,0,200
15,16,0,4,1,<0.216 kg ha,Built-up and artificial,<= 1/2 STD = < 2.53 degrees,16,0.790953398,0.55013369,0.751791444,0.355823287,0,200,0.998304009,0,0,200
16,17,0,4,2,<0.216 kg ha,Built-up and artificial,<= mean = 2.531- 5.06 degrees,17,0.776195884,0.55013369,0.751791444,0.349184378,0.01433531,200,0.998201907,0,0.01433531,200
17,18,0,4,3,<0.216 kg ha,Built-up and artificial,<= mean + 1 STD = 5.061-12.225 degrees,18,0.778136909,0.55013369,0.751791444,0.35005758,0.010845556,200,0.99837476,0,0.010845556,200
18,19,0,4,4,<0.216 kg ha,Built-up and artificial,<= mean + 3 STD (1 STD + 2STD) = 12.226- 26.557 degrees,19,0.693318725,0.55013369,0.751791444,0.311900736,0,200,0.998730421,0,0,200
19,20,0,4,5,<0.216 kg ha,Built-up and artificial,> mean + 3STD = 26.558-89.281 degrees,20,0.624658525,0.55013369,0.751791444,0.281012826,0,200,0.997407496,0,0,200
20,21,0,3,3,<0.216 kg ha,Cropland,<= mean + 1 STD = 5.061-12.225 degrees,21,0.777783573,0.55013369,0.751791444,0.349898626,0,200,0.99126339,0,0,200
21,22,0,3,2,<0.216 kg ha,Cropland,<= mean = 2.531- 5.06 degrees,22,0.822983772,0.55013369,0.751791444,0.370232673,0,200,0.992071152,0,0,200
22,23,0,3,1,<0.216 kg ha,Cropland,<= 1/2 STD = < 2.53 degrees,23,0.828317285,0.55013369,0.751791444,0.372632041,0.01169035,200,0.992761731,0,0.01169035,200
23,24,2,5,1,1.001-2 kg ha,Water & Wetlands,<= 1/2 STD = < 2.53 degrees,24,1.423016548,0,0.8,1.423016548,0.001122105,200,0.99851954,0,0.001122105,200
24,25,2,2,1,1.001-2 kg ha,Non-wood Natural,<= 1/2 STD = < 2.53 degrees,25,1.286987901,0.91,0.75,0.115828911,0.356796116,200,0.999907911,0,0.356796116,200
25,26,2,2,3,1.001-2 kg ha,Non-wood Natural,<= mean + 1 STD = 5.061-12.225 degrees,26,1.247187257,0.89,0.52,0.137190598,0,200,0.9995386,0,0,200
26,27,2,2,4,1.001-2 kg ha,Non-wood Natural,<= mean + 3 STD (1 STD + 2STD) = 12.226- 26.557 degrees,27,1.275203347,0,0.24,1.275203347,0,200,0.998494983,0,0,200
27,28,2,1,1,1.001-2 kg ha,NaturalTrees,<= 1/2 STD = < 2.53 degrees,28,1.414210796,0,0.8,1.414210796,0.899999976,200,0.999696136,0,0.899999976,200
28,29,2,2,2,1.001-2 kg ha,Non-wood Natural,<= mean = 2.531- 5.06 degrees,29,1.24835813,0.91,0.53,0.112352232,0.028052723,200,0.999792576,0,0.028052723,200
29,30,2,5,3,1.001-2 kg ha,Water & Wetlands,<= mean + 1 STD = 5.061-12.225 degrees,30,1.410172582,0,0.77,1.410172582,0.08791595,200,0.998941749,0,0.08791595,200
30,31,2,5,2,1.001-2 kg ha,Water & Wetlands,<= mean = 2.531- 5.06 degrees,31,1.442181945,0.03,0.78,1.398916487,0.196044698,200,0.99839294,0,0.196044698,200
31,32,2,5,4,1.001-2 kg ha,Water & Wetlands,<= mean + 3 STD (1 STD + 2STD) = 12.226- 26.557 degrees,32,1.369546771,0,0.75,1.369546771,0.005618358,200,0.999991536,0,0.005618358,200
32,33,2,2,5,1.001-2 kg ha,Non-wood Natural,> mean + 3STD = 26.558-89.281 degrees,33,1.309836626,0,0.31,1.309836626,0,200,0.997028232,0,0,200
33,34,2,1,4,1.001-2 kg ha,NaturalTrees,<= mean + 3 STD (1 STD + 2STD) = 12.226- 26.557 degrees,34,1.409870148,0,0.26,1.409870148,0.743599951,200,0.999345541,0,0.743599951,200
34,35,2,1,3,1.001-2 kg ha,NaturalTrees,<= mean + 1 STD = 5.061-12.225 degrees,35,1.388764977,0,0.75,1.388764977,0.899999976,200,0.998989046,0,0.899999976,200
35,36,2,1,2,1.001-2 kg ha,NaturalTrees,<= mean = 2.531- 5.06 degrees,36,1.396020889,0,0.8,1.396020889,0.899999976,200,0.999303818,0,0.899999976,200
36,37,2,1,5,1.001-2 kg ha,NaturalTrees,> mean + 3STD = 26.558-89.281 degrees,37,1.433452845,0,0.21,1.433452845,0.133342102,200,0.999388456,0,0.133342102,200
37,38,2,4,1,1.001-2 kg ha,Built-up and artificial,<= 1/2 STD = < 2.53 degrees,38,1.474091172,0,0.76,1.474091172,0.010367389,200,0.995037287,0,0.010367389,200
38,39,2,5,5,1.001-2 kg ha,Water & Wetlands,> mean + 3STD = 26.558-89.281 degrees,39,1.297454059,0,0.81,1.297454059,0,200,0.99999702,0,0,200
39,40,2,4,4,1.001-2 kg ha,Built-up and artificial,<= mean + 3 STD (1 STD + 2STD) = 12.226- 26.557 degrees,40,1.433507562,0,0.24,1.433507562,0.049084637,200,0.990013182,0,0.049084637,200
40,41,2,4,3,1.001-2 kg ha,Built-up and artificial,<= mean + 1 STD = 5.061-12.225 degrees,41,1.458948433,0,0.21,1.458948433,0.027610108,200,0.992616236,0,0.027610108,200
41,42,2,4,2,1.001-2 kg ha,Built-up and artificial,<= mean = 2.531- 5.06 degrees,42,1.481505632,0.03,0.76,1.437060463,0.007666559,200,0.994331777,0,0.007666559,200
42,43,2,4,5,1.001-2 kg ha,Built-up and artificial,> mean + 3STD = 26.558-89.281 degrees,43,1.467573643,0,0.21,1.467573643,0.004182745,200,0.989406228,0,0.004182745,200
43,44,2,3,1,1.001-2 kg ha,Cropland,<= 1/2 STD = < 2.53 degrees,44,1.347001791,0,0.8,1.347001791,0.53143239,200,0.980035007,0,0.53143239,200
44,45,2,3,2,1.001-2 kg ha,Cropland,<= mean = 2.531- 5.06 degrees,45,1.270325661,0,0.8,1.270325661,0.445738465,200,0.977003932,0,0.445738465,200
45,46,2,3,3,1.001-2 kg ha,Cropland,<= mean + 1 STD = 5.061-12.225 degrees,46,1.234653354,0,0.75,1.234653354,0.34034884,200,0.97764498,0,0.34034884,200
46,47,2,3,4,1.001-2 kg ha,Cropland,<= mean + 3 STD (1 STD + 2STD) = 12.226- 26.557 degrees,47,1.174113691,0,0.56,1.174113691,0.098024942,200,0.981844038,0,0.098024942,200
47,48,0,3,4,<0.216 kg ha,Cropland,<= mean + 3 STD (1 STD + 2STD) = 12.226- 26.557 degrees,48,0.665148854,0.55013369,0.751791444,0.299228061,0,200,0.991402,0,0,200
48,49,0,3,5,<0.216 kg ha,Cropland,> mean + 3STD = 26.558-89.281 degrees,49,0.611217797,0.55013369,0.751791444,0.274966295,0,200,0.992183208,0,0,200
49,50,0,6,1,<0.216 kg ha,Improved Grasslands,<= 1/2 STD = < 2.53 degrees,50,0.779587984,0.55013369,0.751791444,0.35071037,0,200,0.987245649,0,0,200
50,51,0,6,3,<0.216 kg ha,Improved Grasslands,<= mean + 1 STD = 5.061-12.225 degrees,51,0.58272481,0.55013369,0.751791444,0.26214826,0,200,0.992839813,0,0,200
51,52,0,6,2,<0.216 kg ha,Improved Grasslands,<= mean = 2.531- 5.06 degrees,52,0.586503357,0.55013369,0.751791444,0.263848101,0,200,0.992816091,0,0,200
52,53,2,3,5,1.001-2 kg ha,Cropland,> mean + 3STD = 26.558-89.281 degrees,53,1.170655847,0.89,0.56,0.128772143,0.002642743,200,0.984587193,0,0.002642743,200
53,54,2,6,1,1.001-2 kg ha,Improved Grasslands,<= 1/2 STD = < 2.53 degrees,54,1.627290487,0,0.8,1.627290487,0.817418337,200,0.944739878,0,0.817418337,200
54,55,3,1,1,2.001-3 kg ha,NaturalTrees,<= 1/2 STD = < 2.53 degrees,55,2.582034588,0.64,0.86,0.929532452,0.899999976,200,0.999330461,0,0.899999976,200
55,56,3,2,1,2.001-3 kg ha,Non-wood Natural,<= 1/2 STD = < 2.53 degrees,56,2.368721008,0.89,0.78,0.260559311,0.529982805,200,0.999782741,0,0.529982805,200
56,57,3,1,2,2.001-3 kg ha,NaturalTrees,<= mean = 2.531- 5.06 degrees,57,2.519329786,0.64,0.7,0.906958723,0.899999976,200,0.998884082,0,0.899999976,200
57,58,3,1,3,2.001-3 kg ha,NaturalTrees,<= mean + 1 STD = 5.061-12.225 degrees,58,2.539269209,0.64,0.68,0.914136915,0.875384271,200,0.997990966,0,0.875384271,200
58,59,3,2,3,2.001-3 kg ha,Non-wood Natural,<= mean + 1 STD = 5.061-12.225 degrees,59,2.363909721,0.79,0.61,0.496421041,0.209180504,200,0.99878782,0,0.209180504,200
59,60,3,4,3,2.001-3 kg ha,Built-up and artificial,<= mean + 1 STD = 5.061-12.225 degrees,60,2.556435823,0.62,0.61,0.971445613,0.075232163,200,0.970381528,0,0.075232163,200
60,61,3,4,1,2.001-3 kg ha,Built-up and artificial,<= 1/2 STD = < 2.53 degrees,61,2.674465418,0.69,0.71,0.82908428,0.053285737,200,0.979987144,0,0.053285737,200
61,62,3,2,2,2.001-3 kg ha,Non-wood Natural,<= mean = 2.531- 5.06 degrees,62,2.33161974,0.85,0.66,0.349742961,0.344229698,200,0.999652088,0,0.344229698,200
62,63,3,5,1,2.001-3 kg ha,Water & Wetlands,<= 1/2 STD = < 2.53 degrees,63,2.565444946,0.68,0.84,0.820942383,0,200,0.995392919,0,0,200
63,64,3,5,2,2.001-3 kg ha,Water & Wetlands,<= mean = 2.531- 5.06 degrees,64,2.389113307,0.69,0.81,0.740625125,0.08022473,200,0.997413576,0,0.08022473,200
64,65,3,5,3,2.001-3 kg ha,Water & Wetlands,<= mean + 1 STD = 5.061-12.225 degrees,65,2.425682545,0.67,0.81,0.80047524,0.00925099,200,0.999857783,0,0.00925099,200
65,66,3,5,4,2.001-3 kg ha,Water & Wetlands,<= mean + 3 STD (1 STD + 2STD) = 12.226- 26.557 degrees,66,2.459510088,0.69,0.72,0.762448127,0,200,1,0,0,200
66,67,3,1,4,2.001-3 kg ha,NaturalTrees,<= mean + 3 STD (1 STD + 2STD) = 12.226- 26.557 degrees,67,2.541066647,0.57,0.66,1.092658658,0.442643821,200,0.996709704,0,0.442643821,200
67,68,0,6,4,<0.216 kg ha,Improved Grasslands,<= mean + 3 STD (1 STD + 2STD) = 12.226- 26.557 degrees,68,0.598381221,0.55013369,0.751791444,0.269191552,0,200,0.999645382,0,0,200
68,69,2,6,2,1.001-2 kg ha,Improved Grasslands,<= mean = 2.531- 5.06 degrees,69,1.594779491,0,0.8,1.594779491,0.899999976,200,0.93669942,0,0.899999976,200
69,70,2,6,3,1.001-2 kg ha,Improved Grasslands,<= mean + 1 STD = 5.061-12.225 degrees,70,1.630239606,0,0.75,1.630239606,0.87973392,200,0.951627851,0,0.87973392,200
70,71,2,6,4,1.001-2 kg ha,Improved Grasslands,<= mean + 3 STD (1 STD + 2STD) = 12.226- 26.557 degrees,71,1.76713717,0,0.52,1.76713717,0.830060899,200,0.941792488,0,0.830060899,200
71,72,3,4,2,2.001-3 kg ha,Built-up and artificial,<= mean = 2.531- 5.06 degrees,72,2.590934992,0.66,0.62,0.880917897,0.053438995,200,0.975938797,0,0.053438995,200
72,73,3,4,4,2.001-3 kg ha,Built-up and artificial,<= mean + 3 STD (1 STD + 2STD) = 12.226- 26.557 degrees,73,2.556448698,0.12,0.53,2.249674854,0.108247004,200,0.932678699,0,0.108247004,200
73,74,3,2,4,2.001-3 kg ha,Non-wood Natural,<= mean + 3 STD (1 STD + 2STD) = 12.226- 26.557 degrees,74,2.435679674,0.12,0.53,2.143398113,0,200,0.995828271,0,0,200
74,75,3,1,5,2.001-3 kg ha,NaturalTrees,> mean + 3STD = 26.558-89.281 degrees,75,2.51731801,0.12,0.58,2.215239849,0.090890862,200,0.98904264,0,0.090890862,200
75,76,3,2,5,2.001-3 kg ha,Non-wood Natural,> mean + 3STD = 26.558-89.281 degrees,76,2.476405263,0.11,0.57,2.204000684,0,200,0.978746295,0,0,200
76,77,3,5,5,2.001-3 kg ha,Water & Wetlands,> mean + 3STD = 26.558-89.281 degrees,77,2.496199131,0.86,0.7,0.349467878,0,200,1,0,0,200
77,78,3,4,5,2.001-3 kg ha,Built-up and artificial,> mean + 3STD = 26.558-89.281 degrees,78,2.589762092,0.24,0.625,1.96821919,0.029401785,200,0.949598193,0,0.029401785,200
78,79,3,3,1,2.001-3 kg ha,Cropland,<= 1/2 STD = < 2.53 degrees,79,2.704679728,0.77,1.05,0.622076337,0.561836064,200,0.933897197,0,0.561836064,200
79,80,3,3,2,2.001-3 kg ha,Cropland,<= mean = 2.531- 5.06 degrees,80,2.622816324,0.78,0.83,0.577019591,0.548491657,200,0.942374885,0,0.548491657,200
80,81,3,3,3,2.001-3 kg ha,Cropland,<= mean + 1 STD = 5.061-12.225 degrees,81,2.559337139,0.83,0.81,0.435087314,0.565321863,200,0.946563721,0,0.565321863,200
81,82,3,3,4,2.001-3 kg ha,Cropland,<= mean + 3 STD (1 STD + 2STD) = 12.226- 26.557 degrees,82,2.476965904,0.79,0.66,0.52016284,0.234476,200,0.93427971,0,0.234476,200
82,83,0,6,5,<0.216 kg ha,Improved Grasslands,> mean + 3STD = 26.558-89.281 degrees,83,0.520442009,0.55013369,0.751791444,0.234129326,0,200,0.97934711,0,0,200
83,84,3,3,5,2.001-3 kg ha,Cropland,> mean + 3STD = 26.558-89.281 degrees,84,2.502897501,0.84,0.53,0.4004636,0.069173366,200,0.928890467,0,0.069173366,200
84,85,4,5,1,3.001-4 kg ha,Water & Wetlands,<= 1/2 STD = < 2.53 degrees,85,3.451575279,0.62,0.83,1.311598606,0,200,0.994070411,0,0,200
85,86,4,3,1,3.001-4 kg ha,Cropland,<= 1/2 STD = < 2.53 degrees,86,3.545875072,0.64,0.69,1.276515026,0.181069732,200,0.361181527,0,0.181069732,200
86,87,4,2,1,3.001-4 kg ha,Non-wood Natural,<= 1/2 STD = < 2.53 degrees,87,3.510708809,0.69,0.68,1.088319731,0.360370964,200,0.99723047,0,0.360370964,200
87,88,4,2,2,3.001-4 kg ha,Non-wood Natural,<= mean = 2.531- 5.06 degrees,88,3.546271324,0.64,0.61,1.276657677,0.31454286,200,0.968409538,0,0.31454286,200
88,89,4,2,3,3.001-4 kg ha,Non-wood Natural,<= mean + 1 STD = 5.061-12.225 degrees,89,3.533405304,0.65,0.61,1.236691856,0.165608123,200,0.964167118,0,0.165608123,200
89,90,4,2,4,3.001-4 kg ha,Non-wood Natural,<= mean + 3 STD (1 STD + 2STD) = 12.226- 26.557 degrees,90,3.535396099,0.66,0.59,1.202034674,0.00715275,200,0.940725267,0,0.00715275,200
90,91,4,5,2,3.001-4 kg ha,Water & Wetlands,<= mean = 2.531- 5.06 degrees,91,3.502781153,0.65,0.78,1.225973404,0.007435996,200,0.996938884,0,0.007435996,200
91,92,4,3,2,3.001-4 kg ha,Cropland,<= mean = 2.531- 5.06 degrees,92,3.62177968,0.59,0.61,1.484929669,0.185899988,200,0.07258226,0,0.185899988,200
92,93,4,4,1,3.001-4 kg ha,Built-up and artificial,<= 1/2 STD = < 2.53 degrees,93,3.479958534,0.69,0.62,1.078787146,0,200,0.934418857,0,0,200
93,94,4,3,3,3.001-4 kg ha,Cropland,<= mean + 1 STD = 5.061-12.225 degrees,94,3.637318134,0.64,0.63,1.309434528,0.194578975,200,0.056544282,0,0.194578975,200
94,95,4,3,4,3.001-4 kg ha,Cropland,<= mean + 3 STD (1 STD + 2STD) = 12.226- 26.557 degrees,95,3.591464996,0.65,0.68,1.257012749,0.115118161,200,0.12851201,0,0.115118161,200
95,96,4,4,4,3.001-4 kg ha,Built-up and artificial,<= mean + 3 STD (1 STD + 2STD) = 12.226- 26.557 degrees,96,3.599520683,0.61,0.59,1.403813066,0.210700125,200,0.686917305,0,0.210700125,200
96,97,4,4,3,3.001-4 kg ha,Built-up and artificial,<= mean + 1 STD = 5.061-12.225 degrees,97,3.608285189,0.65,0.61,1.262899816,0.042283967,200,0.641827196,0,0.042283967,200
97,98,4,4,2,3.001-4 kg ha,Built-up and artificial,<= mean = 2.531- 5.06 degrees,98,3.548931837,0.69,0.62,1.100168869,0,200,0.686801612,0,0,200
98,99,4,2,5,3.001-4 kg ha,Non-wood Natural,> mean + 3STD = 26.558-89.281 degrees,99,3.510027409,0.18,0.59,2.878222475,0,200,0.943438649,0,0,200
99,100,4,3,5,3.001-4 kg ha,Cropland,> mean + 3STD = 26.558-89.281 degrees,100,3.530732155,0.61,0.63,1.37698554,0.039600004,200,0.902968079,0,0.039600004,200
100,101,4,1,1,3.001-4 kg ha,NaturalTrees,<= 1/2 STD = < 2.53 degrees,101,3.439529896,0.62,0.65,1.30702136,0.843409657,200,0.996064365,0,0.843409657,200
101,102,4,1,2,3.001-4 kg ha,NaturalTrees,<= mean = 2.531- 5.06 degrees,102,3.531678915,0.6,0.63,1.412671566,0.745316863,200,0.987802625,0,0.745316863,200
102,103,4,1,3,3.001-4 kg ha,NaturalTrees,<= mean + 1 STD = 5.061-12.225 degrees,103,3.590662241,0.61,0.63,1.400358274,0.729368746,200,0.392166317,0,0.729368746,200
103,104,4,5,3,3.001-4 kg ha,Water & Wetlands,<= mean + 1 STD = 5.061-12.225 degrees,104,3.510725975,0.6,0.73,1.40429039,0.027830994,200,1,0,0.027830994,200
104,105,4,5,4,3.001-4 kg ha,Water & Wetlands,<= mean + 3 STD (1 STD + 2STD) = 12.226- 26.557 degrees,105,3.575187325,0.59,0.71,1.465826803,0.03611619,200,1,0,0.03611619,200
105,106,4,5,5,3.001-4 kg ha,Water & Wetlands,> mean + 3STD = 26.558-89.281 degrees,106,3.477127314,0.59,0.73,1.425622199,0,200,1,0,0,200
106,107,5,5,1,6.001-6 kg ha,Water & Wetlands,<= 1/2 STD = < 2.53 degrees,107,4.596653461,0.69,1.02,1.424962573,0,200,0.971969247,0,0,200
107,108,5,2,1,6.001-6 kg ha,Non-wood Natural,<= 1/2 STD = < 2.53 degrees,108,4.649921894,0.68,0.69,1.487975006,0.052219294,200,0.645875037,0,0.052219294,200
108,109,5,5,2,6.001-6 kg ha,Water & Wetlands,<= mean = 2.531- 5.06 degrees,109,4.587389469,0.7,0.79,1.376216841,0.016051631,200,0.973882109,0,0.016051631,200
109,110,5,3,1,6.001-6 kg ha,Cropland,<= 1/2 STD = < 2.53 degrees,110,4.684054852,0.64,0.64,1.686259747,0,200,0.049671732,0,0,200
110,111,5,2,2,6.001-6 kg ha,Non-wood Natural,<= mean = 2.531- 5.06 degrees,111,4.61796999,0.68,0.66,1.477750397,0.111545369,200,0.615418077,0,0.111545369,200
111,112,5,1,1,6.001-6 kg ha,NaturalTrees,<= 1/2 STD = < 2.53 degrees,112,4.618375778,0.63,0.64,1.708799038,0.582912445,200,0.983549595,0,0.582912445,200
112,113,5,4,1,6.001-6 kg ha,Built-up and artificial,<= 1/2 STD = < 2.53 degrees,113,4.637729645,0.63,0.65,1.715959969,0.01441483,200,0.847257435,0,0.01441483,200
113,114,5,2,3,6.001-6 kg ha,Non-wood Natural,<= mean + 1 STD = 5.061-12.225 degrees,114,4.609925747,0.62,0.63,1.751771784,0.228412837,200,0.838625073,0,0.228412837,200
114,115,5,3,2,6.001-6 kg ha,Cropland,<= mean = 2.531- 5.06 degrees,115,4.677743435,0.63,0.66,1.730765071,0.001212746,200,0.017276689,0,0.001212746,200
115,116,5,5,3,6.001-6 kg ha,Water & Wetlands,<= mean + 1 STD = 5.061-12.225 degrees,116,4.556714535,0.7,0.76,1.367014361,0.04748138,200,0.989116192,0,0.04748138,200
116,117,5,2,4,6.001-6 kg ha,Non-wood Natural,<= mean + 3 STD (1 STD + 2STD) = 12.226- 26.557 degrees,117,4.548061371,0.56,0.62,2.001147003,0.183903396,200,0.888818324,0,0.183903396,200
117,118,5,3,4,6.001-6 kg ha,Cropland,<= mean + 3 STD (1 STD + 2STD) = 12.226- 26.557 degrees,118,4.557243347,0.59,0.74,1.868469772,0.270448625,200,2.99E-09,0,0.270448625,200
118,119,5,3,3,6.001-6 kg ha,Cropland,<= mean + 1 STD = 5.061-12.225 degrees,119,4.634511471,0.61,0.69,1.807459474,0.07891497,200,0.002501698,0,0.07891497,200
119,120,5,4,2,6.001-6 kg ha,Built-up and artificial,<= mean = 2.531- 5.06 degrees,120,4.603325367,0.6,0.64,1.841330147,0.039600004,200,0.732253432,0,0.039600004,200
120,121,5,5,4,6.001-6 kg ha,Water & Wetlands,<= mean + 3 STD (1 STD + 2STD) = 12.226- 26.557 degrees,121,4.539545059,0.68,0.7,1.452654419,0.10607563,200,1,0,0.10607563,200
121,122,5,2,5,6.001-6 kg ha,Non-wood Natural,> mean + 3STD = 26.558-89.281 degrees,122,4.506728172,0.39,0.6,2.749104185,0,200,0.916035771,0,0,200
122,123,5,4,3,6.001-6 kg ha,Built-up and artificial,<= mean + 1 STD = 5.061-12.225 degrees,123,4.577168226,0.59,0.63,1.876638973,0.115118161,200,0.667021871,0,0.115118161,200
123,124,5,3,5,6.001-6 kg ha,Cropland,> mean + 3STD = 26.558-89.281 degrees,124,4.527584553,0.61,0.68,1.765757976,0.136754736,200,0.334097251,0,0.136754736,200
124,125,1,2,1,0.216-1 kg ha,Non-wood Natural,<= 1/2 STD = < 2.53 degrees,125,0.214936167,0.55013369,0.751791444,0.09669254,0,200,0.941632092,0,0,200
125,126,1,2,2,0.216-1 kg ha,Non-wood Natural,<= mean = 2.531- 5.06 degrees,126,0.214936167,0.55013369,0.751791444,0.09669254,0,200,0.941632092,0,0,200
126,127,4,1,5,3.001-4 kg ha,NaturalTrees,> mean + 3STD = 26.558-89.281 degrees,127,3.617126226,0.58,0.62,1.519193015,0.718644798,200,0.071867555,0,0.718644798,200
127,128,4,1,4,3.001-4 kg ha,NaturalTrees,<= mean + 3 STD (1 STD + 2STD) = 12.226- 26.557 degrees,128,3.64515686,0.6,0.63,1.458062744,0.804277658,200,0.020731429,0,0.804277658,200
128,129,5,1,5,6.001-6 kg ha,NaturalTrees,> mean + 3STD = 26.558-89.281 degrees,129,4.542220116,0.57,0.61,1.95315465,0.899999976,200,0.004736191,0,0.899999976,200
129,130,5,1,4,6.001-6 kg ha,NaturalTrees,<= mean + 3 STD (1 STD + 2STD) = 12.226- 26.557 degrees,130,4.555661678,0.59,0.63,1.867821288,0.899999976,200,0.000344237,0,0.899999976,200
130,131,5,1,3,6.001-6 kg ha,NaturalTrees,<= mean + 1 STD = 5.061-12.225 degrees,131,4.575946331,0.6,0.63,1.830378532,0.785942256,200,0.038782854,0,0.785942256,200
131,132,5,1,2,6.001-6 kg ha,NaturalTrees,<= mean = 2.531- 5.06 degrees,132,4.585281372,0.63,0.64,1.696554108,0.670555532,200,0.529446185,0,0.670555532,200
132,133,5,4,4,6.001-6 kg ha,Built-up and artificial,<= mean + 3 STD (1 STD + 2STD) = 12.226- 26.557 degrees,133,4.528484821,0.56,0.62,1.992533321,0.311573803,200,0.654279828,0,0.311573803,200
133,134,5,5,5,6.001-6 kg ha,Water & Wetlands,> mean + 3STD = 26.558-89.281 degrees,134,4.529046535,0.66,0.66,1.539875822,0.005323993,200,1,0,0.005323993,200
134,135,6,2,5,5.001-6 kg ha,Non-wood Natural,> mean + 3STD = 26.558-89.281 degrees,135,5.469059944,0.37,0.6,3.445507765,0,200,0.909466028,0,0,200
135,136,6,1,5,5.001-6 kg ha,NaturalTrees,> mean + 3STD = 26.558-89.281 degrees,136,5.516089439,0.53,0.61,2.592562036,0.899999976,200,0.008263809,0,0.899999976,200
136,137,6,2,4,5.001-6 kg ha,Non-wood Natural,<= mean + 3 STD (1 STD + 2STD) = 12.226- 26.557 degrees,137,5.483489037,0.52,0.61,2.632074738,0.2725223,200,0.806261241,0,0.2725223,200
137,138,6,1,4,5.001-6 kg ha,NaturalTrees,<= mean + 3 STD (1 STD + 2STD) = 12.226- 26.557 degrees,138,5.514183521,0.6,0.62,2.205673408,0.899999976,200,0.000125868,0,0.899999976,200
138,139,6,2,3,5.001-6 kg ha,Non-wood Natural,<= mean + 1 STD = 5.061-12.225 degrees,139,5.515800953,0.59,0.62,2.261478391,0.239318669,200,0.539388657,0,0.239318669,200
139,140,6,2,2,5.001-6 kg ha,Non-wood Natural,<= mean = 2.531- 5.06 degrees,140,5.526851177,0.64,0.67,1.989666424,0.149807766,200,0.606118202,0,0.149807766,200
140,141,6,2,1,5.001-6 kg ha,Non-wood Natural,<= 1/2 STD = < 2.53 degrees,141,5.514420986,0.68,0.79,1.764614716,0.094526142,200,0.817661524,0,0.094526142,200
141,142,6,1,3,5.001-6 kg ha,NaturalTrees,<= mean + 1 STD = 5.061-12.225 degrees,142,5.506341457,0.62,0.64,2.092409754,0.803088486,200,0.045094859,0,0.803088486,200
142,143,6,5,4,5.001-6 kg ha,Water & Wetlands,<= mean + 3 STD (1 STD + 2STD) = 12.226- 26.557 degrees,143,5.45320797,0.65,0.73,1.90862279,0.183903396,200,0.992106676,0,0.183903396,200
143,144,6,5,3,5.001-6 kg ha,Water & Wetlands,<= mean + 1 STD = 5.061-12.225 degrees,144,5.502244473,0.66,0.76,1.870763121,0.137245789,200,0.962599754,0,0.137245789,200
144,145,6,5,2,5.001-6 kg ha,Water & Wetlands,<= mean = 2.531- 5.06 degrees,145,5.543633461,0.66,0.79,1.884835377,0.114668481,200,0.876859337,0,0.114668481,200
145,146,6,5,1,5.001-6 kg ha,Water & Wetlands,<= 1/2 STD = < 2.53 degrees,146,5.464845181,0.67,0.88,1.80339891,0,200,0.937378764,0,0,200
146,147,6,1,1,5.001-6 kg ha,NaturalTrees,<= 1/2 STD = < 2.53 degrees,147,5.499288082,0.63,0.72,2.03473659,0.628856778,200,0.979599595,0,0.628856778,200
147,148,6,1,2,5.001-6 kg ha,NaturalTrees,<= mean = 2.531- 5.06 degrees,148,5.512472153,0.63,0.67,2.039614697,0.684752643,200,0.818093896,0,0.684752643,200
148,149,6,5,5,5.001-6 kg ha,Water & Wetlands,> mean + 3STD = 26.558-89.281 degrees,149,5.469163418,0.57,0.63,2.35174027,0.10521321,200,1,0,0.10521321,200
149,150,4,4,5,3.001-4 kg ha,Built-up and artificial,> mean + 3STD = 26.558-89.281 degrees,150,3.583189011,0.57,0.64,1.540771275,0.302021354,200,0.829608381,0,0.302021354,200
150,151,3,6,2,2.001-3 kg ha,Improved Grasslands,<= mean = 2.531- 5.06 degrees,151,2.684641361,0.79,0.75,0.563774686,0.897240996,200,0.983482122,0,0.897240996,200
151,152,3,6,1,2.001-3 kg ha,Improved Grasslands,<= 1/2 STD = < 2.53 degrees,152,2.737752199,0.79,0.97,0.574927962,0.782417655,200,0.972684145,0,0.782417655,200
152,153,3,6,3,2.001-3 kg ha,Improved Grasslands,<= mean + 1 STD = 5.061-12.225 degrees,153,2.602455378,0.84,0.66,0.41639286,0.899999976,200,0.985239983,0,0.899999976,200
153,154,3,6,4,2.001-3 kg ha,Improved Grasslands,<= mean + 3 STD (1 STD + 2STD) = 12.226- 26.557 degrees,154,2.572159052,0.79,0.65,0.540153401,0.899999976,200,0.985171884,0,0.899999976,200
154,155,2,6,5,1.001-2 kg ha,Improved Grasslands,> mean + 3STD = 26.558-89.281 degrees,155,1.9101215,0.13,0.5,1.661805705,0.495622188,200,0.990285695,0,0.495622188,200
155,156,4,6,1,3.001-4 kg ha,Improved Grasslands,<= 1/2 STD = < 2.53 degrees,156,3.571539402,0.6,0.65,1.428615761,0.473162204,200,0.165948346,0,0.473162204,200
156,157,4,6,2,3.001-4 kg ha,Improved Grasslands,<= mean = 2.531- 5.06 degrees,157,3.621937752,0.59,0.62,1.484994478,0.523243725,200,0.036279699,0,0.523243725,200
157,158,4,6,3,3.001-4 kg ha,Improved Grasslands,<= mean + 1 STD = 5.061-12.225 degrees,158,3.632995367,0.63,0.63,1.344208286,0.619424105,200,0.08118353,0,0.619424105,200
158,159,3,6,5,2.001-3 kg ha,Improved Grasslands,> mean + 3STD = 26.558-89.281 degrees,159,2.551877022,0.11,0.53,2.27117055,0.489266962,200,0.977262229,0,0.489266962,200
159,160,5,6,1,6.001-6 kg ha,Improved Grasslands,<= 1/2 STD = < 2.53 degrees,160,4.588577747,0.66,0.77,1.560116434,0.419133455,200,0.288499117,0,0.419133455,200
160,161,4,6,4,3.001-4 kg ha,Improved Grasslands,<= mean + 3 STD (1 STD + 2STD) = 12.226- 26.557 degrees,161,3.625437021,0.65,0.66,1.268902957,0.599231064,200,0.122059498,0,0.599231064,200
161,162,4,6,5,3.001-4 kg ha,Improved Grasslands,> mean + 3STD = 26.558-89.281 degrees,162,3.528925061,0.6,0.64,1.411570024,0.257162452,200,0.021662399,0,0.257162452,200
162,163,5,6,2,6.001-6 kg ha,Improved Grasslands,<= mean = 2.531- 5.06 degrees,163,4.616386414,0.68,0.69,1.477243652,0.627805352,200,0.18199195,0,0.627805352,200
163,164,5,6,3,6.001-6 kg ha,Improved Grasslands,<= mean + 1 STD = 5.061-12.225 degrees,164,4.666824818,0.69,0.75,1.446715694,0.808447242,200,0.216176987,0,0.808447242,200
164,165,5,6,4,6.001-6 kg ha,Improved Grasslands,<= mean + 3 STD (1 STD + 2STD) = 12.226- 26.557 degrees,165,4.675221443,0.67,0.75,1.542823076,0.853797436,200,0.132987946,0,0.853797436,200
165,166,5,6,5,6.001-6 kg ha,Improved Grasslands,> mean + 3STD = 26.558-89.281 degrees,166,4.563037634,0.62,0.63,1.733954301,0.518934131,200,0.038123727,0,0.518934131,200
166,167,6,4,1,5.001-6 kg ha,Built-up and artificial,<= 1/2 STD = < 2.53 degrees,167,5.586058617,0.61,0.71,2.178562861,0.063202038,200,0.75933522,0,0.063202038,200
167,168,6,4,2,5.001-6 kg ha,Built-up and artificial,<= mean = 2.531- 5.06 degrees,168,5.59774971,0.6,0.67,2.239099884,0.07891497,200,0.633176625,0,0.07891497,200
168,169,6,3,2,5.001-6 kg ha,Cropland,<= mean = 2.531- 5.06 degrees,169,5.594857693,0.62,0.69,2.126045923,0.01433531,200,0.051709294,0,0.01433531,200
169,170,6,3,1,5.001-6 kg ha,Cropland,<= 1/2 STD = < 2.53 degrees,170,5.578184128,0.63,0.7,2.063928127,0.003563991,200,0.184227511,0,0.003563991,200
170,171,6,3,3,5.001-6 kg ha,Cropland,<= mean + 1 STD = 5.061-12.225 degrees,171,5.565665245,0.62,0.69,2.114952793,0.049822178,200,0.009453945,0,0.049822178,200
171,172,6,4,4,5.001-6 kg ha,Built-up and artificial,<= mean + 3 STD (1 STD + 2STD) = 12.226- 26.557 degrees,172,5.515118599,0.54,0.62,2.536954556,0.248490989,200,0.633556217,0,0.248490989,200
172,173,6,4,3,5.001-6 kg ha,Built-up and artificial,<= mean + 1 STD = 5.061-12.225 degrees,173,5.56078434,0.57,0.64,2.391137266,0.117607139,200,0.641388118,0,0.117607139,200
173,174,6,3,4,5.001-6 kg ha,Cropland,<= mean + 3 STD (1 STD + 2STD) = 12.226- 26.557 degrees,174,5.509526253,0.59,0.67,2.258905764,0.22431016,200,0.005695241,0,0.22431016,200
174,175,6,4,5,5.001-6 kg ha,Built-up and artificial,> mean + 3STD = 26.558-89.281 degrees,175,5.488534927,0.56,0.61,2.414955368,0.311944127,200,0.877414405,0,0.311944127,200
175,176,7,1,2,6.001-7 kg ha,NaturalTrees,<= mean = 2.531- 5.06 degrees,176,6.494382858,0.62,0.71,2.467865486,0.71527493,200,0.640845835,0,0.71527493,200
176,177,7,1,1,6.001-7 kg ha,NaturalTrees,<= 1/2 STD = < 2.53 degrees,177,6.480891705,0.64,0.78,2.333121014,0.647936106,200,0.937605381,0,0.647936106,200
177,178,7,1,4,6.001-7 kg ha,NaturalTrees,<= mean + 3 STD (1 STD + 2STD) = 12.226- 26.557 degrees,178,6.473654747,0.57,0.65,2.783671541,0.899999976,200,0.003599964,0,0.899999976,200
178,179,7,1,3,6.001-7 kg ha,NaturalTrees,<= mean + 1 STD = 5.061-12.225 degrees,179,6.493823051,0.6,0.68,2.59752922,0.863016069,200,0.033981778,0,0.863016069,200
179,180,7,1,5,6.001-7 kg ha,NaturalTrees,> mean + 3STD = 26.558-89.281 degrees,180,6.459828377,0.51,0.6,3.165315905,0.899999976,200,0.023062078,0,0.899999976,200
180,181,7,2,5,6.001-7 kg ha,Non-wood Natural,> mean + 3STD = 26.558-89.281 degrees,181,6.454347134,0.35,0.58,4.195325637,0,200,0.924471259,0,0,200
181,182,7,2,1,6.001-7 kg ha,Non-wood Natural,<= 1/2 STD = < 2.53 degrees,182,6.487418652,0.69,0.81,2.011099782,0.208574176,200,0.8454656,0,0.208574176,200
182,183,7,2,4,6.001-7 kg ha,Non-wood Natural,<= mean + 3 STD (1 STD + 2STD) = 12.226- 26.557 degrees,183,6.454791546,0.45,0.6,3.55013535,0.35323903,200,0.833614111,0,0.35323903,200
183,184,7,2,2,6.001-7 kg ha,Non-wood Natural,<= mean = 2.531- 5.06 degrees,184,6.457812309,0.63,0.72,2.389390554,0.268726498,200,0.687532961,0,0.268726498,200
184,185,7,2,3,6.001-7 kg ha,Non-wood Natural,<= mean + 1 STD = 5.061-12.225 degrees,185,6.469183922,0.58,0.65,2.717057247,0.339962006,200,0.544582605,0,0.339962006,200
185,186,7,5,1,6.001-7 kg ha,Water & Wetlands,<= 1/2 STD = < 2.53 degrees,186,6.426849365,0.67,0.98,2.12086029,0.00431243,200,0.883121014,0,0.00431243,200
186,187,6,3,5,5.001-6 kg ha,Cropland,> mean + 3STD = 26.558-89.281 degrees,187,5.443468094,0.61,0.62,2.122952557,0.117152616,200,0.100073405,0,0.117152616,200
187,188,7,5,2,6.001-7 kg ha,Water & Wetlands,<= mean = 2.531- 5.06 degrees,188,6.423109055,0.66,0.97,2.183857079,0.149551108,200,0.776452005,0,0.149551108,200
188,189,7,5,3,6.001-7 kg ha,Water & Wetlands,<= mean + 1 STD = 5.061-12.225 degrees,189,6.42973423,0.66,0.96,2.186109638,0.142705247,200,0.871680617,0,0.142705247,200
189,190,5,4,5,6.001-6 kg ha,Built-up and artificial,> mean + 3STD = 26.558-89.281 degrees,190,4.496672153,0.57,0.61,1.933569026,0.437363863,200,0.82238242,0,0.437363863,200
190,191,6,6,1,5.001-6 kg ha,Improved Grasslands,<= 1/2 STD = < 2.53 degrees,191,5.569136143,0.66,0.98,1.893506289,0.455534607,200,0.641545594,0,0.455534607,200
191,192,6,6,3,5.001-6 kg ha,Improved Grasslands,<= mean + 1 STD = 5.061-12.225 degrees,192,5.56091547,0.61,0.7,2.168757033,0.899999976,200,0.111145619,0,0.899999976,200
192,193,6,6,2,5.001-6 kg ha,Improved Grasslands,<= mean = 2.531- 5.06 degrees,193,5.552125931,0.64,0.79,1.998765335,0.779486895,200,0.345067322,0,0.779486895,200
193,194,6,6,4,5.001-6 kg ha,Improved Grasslands,<= mean + 3 STD (1 STD + 2STD) = 12.226- 26.557 degrees,194,5.543917179,0.58,0.66,2.328445215,0.899999976,200,0.036586059,0,0.899999976,200
194,195,7,4,1,6.001-7 kg ha,Built-up and artificial,<= 1/2 STD = < 2.53 degrees,195,6.447132587,0.63,0.82,2.385439057,0.060562,200,0.845332325,0,0.060562,200
195,196,7,4,2,6.001-7 kg ha,Built-up and artificial,<= mean = 2.531- 5.06 degrees,196,6.440662861,0.62,0.75,2.447451887,0.079474963,200,0.741597652,0,0.079474963,200
196,197,7,4,3,6.001-7 kg ha,Built-up and artificial,<= mean + 1 STD = 5.061-12.225 degrees,197,6.487835407,0.6,0.7,2.595134163,0.126646146,200,0.669465184,0,0.126646146,200
197,198,7,3,1,6.001-7 kg ha,Cropland,<= 1/2 STD = < 2.53 degrees,198,6.434829235,0.63,0.83,2.380886817,0.020528626,200,0.182084426,0,0.020528626,200
198,199,7,3,3,6.001-7 kg ha,Cropland,<= mean + 1 STD = 5.061-12.225 degrees,199,6.485835075,0.62,0.76,2.464617329,0.104568735,200,0.01403784,0,0.104568735,200
199,200,7,3,2,6.001-7 kg ha,Cropland,<= mean = 2.531- 5.06 degrees,200,6.451319695,0.62,0.77,2.451501484,0.047626015,200,0.04432115,0,0.047626015,200
200,201,7,5,4,6.001-7 kg ha,Water & Wetlands,<= mean + 3 STD (1 STD + 2STD) = 12.226- 26.557 degrees,201,6.459039688,0.65,0.79,2.260663891,0.193702176,200,0.980903625,0,0.193702176,200
201,202,8,1,3,7.001-8 kg ha,NaturalTrees,<= mean + 1 STD = 5.061-12.225 degrees,202,7.480708599,0.6,0.75,2.99228344,0.899999976,200,0.031534623,0,0.899999976,200
202,203,8,1,4,7.001-8 kg ha,NaturalTrees,<= mean + 3 STD (1 STD + 2STD) = 12.226- 26.557 degrees,203,7.468369484,0.58,0.69,3.136715183,0.899999976,200,0.005266388,0,0.899999976,200
203,204,8,1,1,7.001-8 kg ha,NaturalTrees,<= 1/2 STD = < 2.53 degrees,204,7.510592461,0.64,0.88,2.703813286,0.840974629,200,0.951497555,0,0.840974629,200
204,205,8,1,2,7.001-8 kg ha,NaturalTrees,<= mean = 2.531- 5.06 degrees,205,7.501774788,0.63,0.81,2.775656672,0.899999976,200,0.747334182,0,0.899999976,200
205,206,8,5,1,7.001-8 kg ha,Water & Wetlands,<= 1/2 STD = < 2.53 degrees,206,7.495690346,0.65,1.01,2.623491621,0.009507954,200,0.852192879,0,0.009507954,200
206,207,8,5,2,7.001-8 kg ha,Water & Wetlands,<= mean = 2.531- 5.06 degrees,207,7.484303951,0.63,1,2.769192462,0.2162164,200,0.890104294,0,0.2162164,200
207,208,8,5,3,7.001-8 kg ha,Water & Wetlands,<= mean + 1 STD = 5.061-12.225 degrees,208,7.451202393,0.63,1,2.756944885,0.213449359,200,0.96448946,0,0.213449359,200
208,209,8,2,1,7.001-8 kg ha,Non-wood Natural,<= 1/2 STD = < 2.53 degrees,209,7.491465092,0.68,0.91,2.397268829,0.360769212,200,0.951953411,0,0.360769212,200
209,210,7,3,4,6.001-7 kg ha,Cropland,<= mean + 3 STD (1 STD + 2STD) = 12.226- 26.557 degrees,210,6.46618557,0.6,0.72,2.586474228,0.227462798,200,0.008980973,0,0.227462798,200
210,211,8,4,3,7.001-8 kg ha,Built-up and artificial,<= mean + 1 STD = 5.061-12.225 degrees,211,7.468849659,0.6,0.77,2.987539864,0.207968712,200,0.723754138,0,0.207968712,200
211,212,8,4,2,7.001-8 kg ha,Built-up and artificial,<= mean = 2.531- 5.06 degrees,212,7.490481853,0.61,0.83,2.921287923,0.118518844,200,0.841899306,0,0.118518844,200
212,213,7,4,4,6.001-7 kg ha,Built-up and artificial,<= mean + 3 STD (1 STD + 2STD) = 12.226- 26.557 degrees,213,6.486901283,0.57,0.64,2.789367552,0.254143924,200,0.724303126,0,0.254143924,200
213,214,7,5,5,6.001-7 kg ha,Water & Wetlands,> mean + 3STD = 26.558-89.281 degrees,214,6.44176054,0.62,0.7,2.447869005,0.335720956,200,1,0,0.335720956,200
214,215,8,2,3,7.001-8 kg ha,Non-wood Natural,<= mean + 1 STD = 5.061-12.225 degrees,215,7.444639206,0.62,0.69,2.828962898,0.599744797,200,0.79191035,0,0.599744797,200
215,216,8,2,2,7.001-8 kg ha,Non-wood Natural,<= mean = 2.531- 5.06 degrees,216,7.46604538,0.66,0.78,2.538455429,0.495784223,200,0.886984289,0,0.495784223,200
216,217,8,2,4,7.001-8 kg ha,Non-wood Natural,<= mean + 3 STD (1 STD + 2STD) = 12.226- 26.557 degrees,217,7.435456753,0.44,0.64,4.163855782,0.539197385,200,0.888120949,0,0.539197385,200
217,218,8,2,5,7.001-8 kg ha,Non-wood Natural,> mean + 3STD = 26.558-89.281 degrees,218,7.442081451,0.32,0.63,5.060615387,0.001330995,200,0.934131384,0,0.001330995,200
218,219,8,5,4,7.001-8 kg ha,Water & Wetlands,<= mean + 3 STD (1 STD + 2STD) = 12.226- 26.557 degrees,219,7.448363781,0.64,0.88,2.681410961,0.303115934,200,1,0,0.303115934,200
219,220,8,1,5,7.001-8 kg ha,NaturalTrees,> mean + 3STD = 26.558-89.281 degrees,220,7.46814537,0.49,0.62,3.808754139,0.899999976,200,0.047943272,0,0.899999976,200
220,221,10,2,3,8.001-10 kg ha,Non-wood Natural,<= mean + 1 STD = 5.061-12.225 degrees,221,8.896714211,0.68,0.74,2.846948548,0.890968561,200,0.881789565,0,0.890968561,200
221,222,10,2,4,8.001-10 kg ha,Non-wood Natural,<= mean + 3 STD (1 STD + 2STD) = 12.226- 26.557 degrees,222,8.862786293,0.51,0.63,4.342765284,0.735044599,200,0.904222369,0,0.735044599,200
222,223,10,1,4,8.001-10 kg ha,NaturalTrees,<= mean + 3 STD (1 STD + 2STD) = 12.226- 26.557 degrees,223,8.962967873,0.6,0.73,3.585187149,0.899999976,200,0.101675957,0,0.899999976,200
223,224,10,2,2,8.001-10 kg ha,Non-wood Natural,<= mean = 2.531- 5.06 degrees,224,8.860884666,0.7,0.89,2.6582654,0.770144641,200,0.938797832,0,0.770144641,200
224,225,8,4,4,7.001-8 kg ha,Built-up and artificial,<= mean + 3 STD (1 STD + 2STD) = 12.226- 26.557 degrees,225,7.413303375,0.57,0.67,3.187720451,0.359575003,200,0.707602322,0,0.359575003,200
225,226,10,1,3,8.001-10 kg ha,NaturalTrees,<= mean + 1 STD = 5.061-12.225 degrees,226,8.993124008,0.64,0.84,3.237524643,0.899999976,200,0.201642305,0,0.899999976,200
226,227,10,2,5,8.001-10 kg ha,Non-wood Natural,> mean + 3STD = 26.558-89.281 degrees,227,8.856064796,0.33,0.61,5.933563413,0.000739638,200,0.93825078,0,0.000739638,200
227,228,10,1,5,8.001-10 kg ha,NaturalTrees,> mean + 3STD = 26.558-89.281 degrees,228,8.915473938,0.48,0.59,4.636046448,0.899999976,200,0.331903175,0,0.899999976,200
228,229,10,1,2,8.001-10 kg ha,NaturalTrees,<= mean = 2.531- 5.06 degrees,229,8.981057167,0.66,0.95,3.053559437,0.899999976,200,0.837187171,0,0.899999976,200
229,230,10,2,1,8.001-10 kg ha,Non-wood Natural,<= 1/2 STD = < 2.53 degrees,230,8.786328316,0.69,1,2.723761778,0.580888391,200,0.971356869,0,0.580888391,200
230,231,10,1,1,8.001-10 kg ha,NaturalTrees,<= 1/2 STD = < 2.53 degrees,231,8.987555504,0.65,1,3.145644426,0.899999976,200,0.928177416,0,0.899999976,200
231,232,7,4,5,6.001-7 kg ha,Built-up and artificial,> mean + 3STD = 26.558-89.281 degrees,232,6.421346188,0.55,0.61,2.889605785,0.373631299,200,0.861385047,0,0.373631299,200
232,233,7,6,1,6.001-7 kg ha,Improved Grasslands,<= 1/2 STD = < 2.53 degrees,233,6.481456757,0.66,0.98,2.203695297,0.622037232,200,0.524856925,0,0.622037232,200
233,234,7,6,2,6.001-7 kg ha,Improved Grasslands,<= mean = 2.531- 5.06 degrees,234,6.523318768,0.64,0.86,2.348394756,0.899999976,200,0.156621233,0,0.899999976,200
234,235,7,6,3,6.001-7 kg ha,Improved Grasslands,<= mean + 1 STD = 5.061-12.225 degrees,235,6.555835724,0.6,0.76,2.62233429,0.899999976,200,0.046480685,0,0.899999976,200
235,236,8,4,1,7.001-8 kg ha,Built-up and artificial,<= 1/2 STD = < 2.53 degrees,236,7.513144493,0.64,0.93,2.704732017,0.07414446,200,0.906762064,0,0.07414446,200
236,237,8,3,1,7.001-8 kg ha,Cropland,<= 1/2 STD = < 2.53 degrees,237,7.513523579,0.65,1.09,2.629733253,0.127829194,200,0.169686526,0,0.127829194,200
237,238,8,3,2,7.001-8 kg ha,Cropland,<= mean = 2.531- 5.06 degrees,238,7.462939262,0.63,1,2.761287527,0.180223972,200,0.021609873,0,0.180223972,200
238,239,7,3,5,6.001-7 kg ha,Cropland,> mean + 3STD = 26.558-89.281 degrees,239,6.42551899,0.57,0.63,2.762973166,0.165608123,200,0.023311751,0,0.165608123,200
239,240,10,5,1,8.001-10 kg ha,Water & Wetlands,<= 1/2 STD = < 2.53 degrees,240,8.816186905,0.65,1.03,3.085665417,0.034495994,200,0.913094997,0,0.034495994,200
240,241,10,3,1,8.001-10 kg ha,Cropland,<= 1/2 STD = < 2.53 degrees,241,9.068411827,0.66,1.1,3.083260021,0.336490095,200,0.140057325,0,0.336490095,200
241,242,10,4,1,8.001-10 kg ha,Built-up and artificial,<= 1/2 STD = < 2.53 degrees,242,9.052418709,0.66,1.03,3.077822361,0.15839994,200,0.936187863,0,0.15839994,200
242,243,10,5,2,8.001-10 kg ha,Water & Wetlands,<= mean = 2.531- 5.06 degrees,243,8.753290176,0.65,1.05,3.063651562,0.294054687,200,0.946233034,0,0.294054687,200
243,244,10,4,2,8.001-10 kg ha,Built-up and artificial,<= mean = 2.531- 5.06 degrees,244,9.038165092,0.66,0.96,3.072976131,0.241595566,200,0.905087709,0,0.241595566,200
244,245,10,5,3,8.001-10 kg ha,Water & Wetlands,<= mean + 1 STD = 5.061-12.225 degrees,245,8.926858902,0.65,1.04,3.124400616,0.345008522,200,1,0,0.345008522,200
245,246,10,3,2,8.001-10 kg ha,Cropland,<= mean = 2.531- 5.06 degrees,246,9.043798447,0.67,1.04,2.984453488,0.433861554,200,0.03513708,0,0.433861554,200
246,247,10,4,3,8.001-10 kg ha,Built-up and artificial,<= mean + 1 STD = 5.061-12.225 degrees,247,9.004574776,0.63,0.81,3.331692667,0.357192367,200,0.824748695,0,0.357192367,200
247,248,8,3,3,7.001-8 kg ha,Cropland,<= mean + 1 STD = 5.061-12.225 degrees,248,7.46684885,0.62,0.94,2.837402563,0.256490111,200,0.005216487,0,0.256490111,200
248,249,10,5,4,8.001-10 kg ha,Water & Wetlands,<= mean + 3 STD (1 STD + 2STD) = 12.226- 26.557 degrees,249,8.980561256,0.64,0.96,3.233002052,0.494850367,200,1,0,0.494850367,200
249,250,8,3,4,7.001-8 kg ha,Cropland,<= mean + 3 STD (1 STD + 2STD) = 12.226- 26.557 degrees,250,7.453867435,0.61,0.79,2.9070083,0.480950922,200,0.00977389,0,0.480950922,200
250,251,10,4,4,8.001-10 kg ha,Built-up and artificial,<= mean + 3 STD (1 STD + 2STD) = 12.226- 26.557 degrees,251,8.936703682,0.58,0.7,3.753415546,0.593596101,200,0.774084389,0,0.593596101,200
251,252,10,3,3,8.001-10 kg ha,Cropland,<= mean + 1 STD = 5.061-12.225 degrees,252,8.964133263,0.66,1,3.047805309,0.508002222,200,0.018185467,0,0.508002222,200
252,253,10,3,4,8.001-10 kg ha,Cropland,<= mean + 3 STD (1 STD + 2STD) = 12.226- 26.557 degrees,253,8.947043419,0.64,0.81,3.220935631,0.811432242,200,0.037756391,0,0.811432242,200
253,254,10,5,5,8.001-10 kg ha,Water & Wetlands,> mean + 3STD = 26.558-89.281 degrees,254,8.9631567,0.6,0.96,3.58526268,0.528052926,200,1,0,0.528052926,200
254,255,8,3,5,7.001-8 kg ha,Cropland,> mean + 3STD = 26.558-89.281 degrees,255,7.43932724,0.6,0.66,2.975730896,0.596666336,200,0.11615704,0,0.596666336,200
255,256,8,4,5,7.001-8 kg ha,Built-up and artificial,> mean + 3STD = 26.558-89.281 degrees,256,7.444231033,0.55,0.65,3.349903965,0.514642656,200,0.876143634,0,0.514642656,200
256,257,11,1,1,10.001-11 kg ha,NaturalTrees,<= 1/2 STD = < 2.53 degrees,257,10.45607376,0.61,0.86,4.077868766,0.899999976,200,0.873590112,0,0.899999976,200
257,258,11,2,1,10.001-11 kg ha,Non-wood Natural,<= 1/2 STD = < 2.53 degrees,258,10.42109585,0.64,0.99,3.751594506,0.731636524,200,0.956114709,0,0.731636524,200
258,259,11,1,2,10.001-11 kg ha,NaturalTrees,<= mean = 2.531- 5.06 degrees,259,10.4574194,0.62,0.92,3.973819372,0.899999976,200,0.690065742,0,0.899999976,200
259,260,11,2,2,10.001-11 kg ha,Non-wood Natural,<= mean = 2.531- 5.06 degrees,260,10.43231678,0.66,0.92,3.546987705,0.899999976,200,0.9363783,0,0.899999976,200
260,261,11,1,3,10.001-11 kg ha,NaturalTrees,<= mean + 1 STD = 5.061-12.225 degrees,261,10.47014713,0.63,0.92,3.873954438,0.899999976,200,0.290147185,0,0.899999976,200
261,262,11,1,4,10.001-11 kg ha,NaturalTrees,<= mean + 3 STD (1 STD + 2STD) = 12.226- 26.557 degrees,262,10.47341251,0.62,0.8,3.979896754,0.899999976,200,0.297445267,0,0.899999976,200
262,263,10,4,5,8.001-10 kg ha,Built-up and artificial,> mean + 3STD = 26.558-89.281 degrees,263,8.929020882,0.49,0.56,4.55380065,0.777146041,200,0.867013574,0,0.777146041,200
263,264,10,3,5,8.001-10 kg ha,Cropland,> mean + 3STD = 26.558-89.281 degrees,264,8.92497921,0.59,0.65,3.659241476,0.860552907,200,0.625477135,0,0.860552907,200
264,265,8,5,5,7.001-8 kg ha,Water & Wetlands,> mean + 3STD = 26.558-89.281 degrees,265,7.476203442,0.59,0.71,3.065243411,0.391684562,200,1,0,0.391684562,200
265,266,11,5,1,10.001-11 kg ha,Water & Wetlands,<= 1/2 STD = < 2.53 degrees,266,10.44720268,0.59,0.98,4.283353099,0.005179788,200,0.928944767,0,0.005179788,200
266,267,11,4,1,10.001-11 kg ha,Built-up and artificial,<= 1/2 STD = < 2.53 degrees,267,10.47148323,0.64,1.05,3.769733963,0.182200566,200,0.95494765,0,0.182200566,200
267,268,11,2,3,10.001-11 kg ha,Non-wood Natural,<= mean + 1 STD = 5.061-12.225 degrees,268,10.43843555,0.67,0.77,3.444683732,0.899999976,200,0.91707176,0,0.899999976,200
268,269,11,4,4,10.001-11 kg ha,Built-up and artificial,<= mean + 3 STD (1 STD + 2STD) = 12.226- 26.557 degrees,269,10.47795391,0.64,0.88,3.772063408,0.564823151,200,0.867521822,0,0.564823151,200
269,270,11,4,3,10.001-11 kg ha,Built-up and artificial,<= mean + 1 STD = 5.061-12.225 degrees,270,10.49709988,0.65,1.03,3.673984958,0.357985705,200,0.910931051,0,0.357985705,200
270,271,11,4,2,10.001-11 kg ha,Built-up and artificial,<= mean = 2.531- 5.06 degrees,271,10.48644257,0.65,1.06,3.6702549,0.285485327,200,0.934312105,0,0.285485327,200
271,272,11,3,1,10.001-11 kg ha,Cropland,<= 1/2 STD = < 2.53 degrees,272,10.46038914,0.63,1.06,3.870343982,0.38424769,200,0.121000208,0,0.38424769,200
272,273,11,2,4,10.001-11 kg ha,Non-wood Natural,<= mean + 3 STD (1 STD + 2STD) = 12.226- 26.557 degrees,273,10.44849205,0.46,0.64,5.642185707,0.814422309,200,0.93661195,0,0.814422309,200
273,274,11,3,2,10.001-11 kg ha,Cropland,<= mean = 2.531- 5.06 degrees,274,10.45940876,0.64,1.09,3.765387154,0.56382668,200,0.016963478,0,0.56382668,200
274,275,11,3,3,10.001-11 kg ha,Cropland,<= mean + 1 STD = 5.061-12.225 degrees,275,10.47277164,0.64,1.1,3.77019779,0.698543847,200,0.014554501,0,0.698543847,200
275,276,11,3,4,10.001-11 kg ha,Cropland,<= mean + 3 STD (1 STD + 2STD) = 12.226- 26.557 degrees,276,10.45053387,0.63,0.88,3.866697532,0.899999976,200,0.059188154,0,0.899999976,200
276,277,11,5,2,10.001-11 kg ha,Water & Wetlands,<= mean = 2.531- 5.06 degrees,277,10.44465542,0.6,1.01,4.177862168,0.392930925,200,1,0,0.392930925,200
277,278,11,5,3,10.001-11 kg ha,Water & Wetlands,<= mean + 1 STD = 5.061-12.225 degrees,278,10.4462986,0.59,0.92,4.282982426,0.513691187,200,1,0,0.513691187,200
278,279,11,1,5,10.001-11 kg ha,NaturalTrees,> mean + 3STD = 26.558-89.281 degrees,279,10.47786522,0.56,0.64,4.610260697,0.899999976,200,0.75759089,0,0.899999976,200
279,280,11,5,4,10.001-11 kg ha,Water & Wetlands,<= mean + 3 STD (1 STD + 2STD) = 12.226- 26.557 degrees,280,10.46473408,0.59,0.84,4.290540973,0.694668472,200,1,0,0.694668472,200
280,281,12,1,2,11.001-12 kg ha,NaturalTrees,<= mean = 2.531- 5.06 degrees,281,11.44153023,0.62,0.94,4.347781487,0.899999976,200,0.661516428,0,0.899999976,200
281,282,12,1,1,11.001-12 kg ha,NaturalTrees,<= 1/2 STD = < 2.53 degrees,282,11.45261574,0.53,0.73,5.382729398,0.899999976,200,0.888697505,0,0.899999976,200
282,283,12,2,1,11.001-12 kg ha,Non-wood Natural,<= 1/2 STD = < 2.53 degrees,283,11.43373871,0.64,0.94,4.116145936,0.729935408,200,0.962757498,0,0.729935408,200
283,284,12,1,3,11.001-12 kg ha,NaturalTrees,<= mean + 1 STD = 5.061-12.225 degrees,284,11.44651413,0.62,0.94,4.349675369,0.899999976,200,0.289814144,0,0.899999976,200
284,285,12,4,1,11.001-12 kg ha,Built-up and artificial,<= 1/2 STD = < 2.53 degrees,285,11.47048473,0.64,1.08,4.129374503,0.178258181,200,0.963847518,0,0.178258181,200
285,286,12,4,3,11.001-12 kg ha,Built-up and artificial,<= mean + 1 STD = 5.061-12.225 degrees,286,11.48500156,0.65,1.08,4.019750546,0.492985606,200,0.883235633,0,0.492985606,200
286,287,12,5,2,11.001-12 kg ha,Water & Wetlands,<= mean = 2.531- 5.06 degrees,287,11.46270847,0.61,1,4.470456303,0.364764512,200,1,0,0.364764512,200
287,288,12,5,3,11.001-12 kg ha,Water & Wetlands,<= mean + 1 STD = 5.061-12.225 degrees,288,11.46492672,0.6,0.95,4.585970688,0.490195245,200,1,0,0.490195245,200
288,289,12,1,4,11.001-12 kg ha,NaturalTrees,<= mean + 3 STD (1 STD + 2STD) = 12.226- 26.557 degrees,289,11.47001934,0.61,0.77,4.473307543,0.899999976,200,0.314115554,0,0.899999976,200
289,290,12,5,1,11.001-12 kg ha,Water & Wetlands,<= 1/2 STD = < 2.53 degrees,290,11.47107697,0.59,0.91,4.703141558,0.013474997,200,0.947786629,0,0.013474997,200
290,291,12,2,2,11.001-12 kg ha,Non-wood Natural,<= mean = 2.531- 5.06 degrees,291,11.43845272,0.66,0.94,3.889073925,0.899999976,200,0.903457522,0,0.899999976,200
291,292,12,2,3,11.001-12 kg ha,Non-wood Natural,<= mean + 1 STD = 5.061-12.225 degrees,292,11.45397854,0.67,0.8,3.779812918,0.899999976,200,0.865443707,0,0.899999976,200
292,293,12,4,2,11.001-12 kg ha,Built-up and artificial,<= mean = 2.531- 5.06 degrees,293,11.47268677,0.65,1.12,4.01544037,0.325802445,200,0.928361684,0,0.325802445,200
293,294,12,3,1,11.001-12 kg ha,Cropland,<= 1/2 STD = < 2.53 degrees,294,11.45016003,0.61,1.06,4.465562412,0.369184643,200,0.140383795,0,0.369184643,200
294,295,12,3,2,11.001-12 kg ha,Cropland,<= mean = 2.531- 5.06 degrees,295,11.43005562,0.64,1.15,4.114820023,0.523243725,200,0.009691745,0,0.523243725,200
295,296,12,3,3,11.001-12 kg ha,Cropland,<= mean + 1 STD = 5.061-12.225 degrees,296,11.43323708,0.64,1.14,4.115965349,0.679274678,200,0.005650076,0,0.679274678,200
296,297,12,4,4,11.001-12 kg ha,Built-up and artificial,<= mean + 3 STD (1 STD + 2STD) = 12.226- 26.557 degrees,297,11.49860716,0.6,0.78,4.599442864,0.727670252,200,0.835972428,0,0.727670252,200
297,298,12,3,4,11.001-12 kg ha,Cropland,<= mean + 3 STD (1 STD + 2STD) = 12.226- 26.557 degrees,298,11.45941639,0.62,0.89,4.354578228,0.899999976,200,0.005265964,0,0.899999976,200
298,299,7,6,4,6.001-7 kg ha,Improved Grasslands,<= mean + 3 STD (1 STD + 2STD) = 12.226- 26.557 degrees,299,6.543739796,0.57,0.66,2.813808112,0.899999976,200,0.025371166,0,0.899999976,200
299,300,6,6,5,5.001-6 kg ha,Improved Grasslands,> mean + 3STD = 26.558-89.281 degrees,300,5.515407085,0.52,0.6,2.647395401,0.899999976,200,0.016655117,0,0.899999976,200
300,301,8,6,2,7.001-8 kg ha,Improved Grasslands,<= mean = 2.531- 5.06 degrees,301,7.570105076,0.66,0.88,2.573835726,0.899999976,200,0.104312591,0,0.899999976,200
301,302,8,6,1,7.001-8 kg ha,Improved Grasslands,<= 1/2 STD = < 2.53 degrees,302,7.593224525,0.66,0.98,2.581696339,0.79656297,200,0.478759527,0,0.79656297,200
302,303,8,6,3,7.001-8 kg ha,Improved Grasslands,<= mean + 1 STD = 5.061-12.225 degrees,303,7.540903568,0.61,0.86,2.940952392,0.829456568,200,0.016795184,0,0.829456568,200
303,304,8,6,4,7.001-8 kg ha,Improved Grasslands,<= mean + 3 STD (1 STD + 2STD) = 12.226- 26.557 degrees,304,7.510795593,0.6,0.77,3.004318237,0.884718359,200,0.016280949,0,0.884718359,200
304,305,12,5,4,11.001-12 kg ha,Water & Wetlands,<= mean + 3 STD (1 STD + 2STD) = 12.226- 26.557 degrees,305,11.4826231,0.61,0.95,4.478223009,0.673274279,200,1,0,0.673274279,200
305,306,12,2,4,11.001-12 kg ha,Non-wood Natural,<= mean + 3 STD (1 STD + 2STD) = 12.226- 26.557 degrees,306,11.46780777,0.43,0.54,6.536650429,0.899999976,200,0.929758072,0,0.899999976,200
306,307,13,4,1,12.001-13 kg ha,Built-up and artificial,<= 1/2 STD = < 2.53 degrees,307,12.43752909,0.63,1.04,4.601885763,0.149038494,200,0.971761882,0,0.149038494,200
307,308,13,4,2,12.001-13 kg ha,Built-up and artificial,<= mean = 2.531- 5.06 degrees,308,12.44364262,0.65,1.11,4.355274917,0.298749387,200,0.946718276,0,0.298749387,200
308,309,13,1,1,12.001-13 kg ha,NaturalTrees,<= 1/2 STD = < 2.53 degrees,309,12.39319515,0.55,0.73,5.576937818,0.899999976,200,0.898289859,0,0.899999976,200
309,310,13,1,2,12.001-13 kg ha,NaturalTrees,<= mean = 2.531- 5.06 degrees,310,12.41256809,0.63,0.96,4.592650193,0.899999976,200,0.715711296,0,0.899999976,200
310,311,13,4,3,12.001-13 kg ha,Built-up and artificial,<= mean + 1 STD = 5.061-12.225 degrees,311,12.4509182,0.65,1.06,4.35782137,0.486486852,200,0.910590708,0,0.486486852,200
311,312,13,2,1,12.001-13 kg ha,Non-wood Natural,<= 1/2 STD = < 2.53 degrees,312,12.39720917,0.64,0.99,4.462995301,0.759123981,200,0.973668039,0,0.759123981,200
312,313,13,2,2,12.001-13 kg ha,Non-wood Natural,<= mean = 2.531- 5.06 degrees,313,12.41362476,0.66,1.01,4.220632418,0.899999976,200,0.931270957,0,0.899999976,200
313,314,13,3,1,12.001-13 kg ha,Cropland,<= 1/2 STD = < 2.53 degrees,314,12.41283703,0.6,0.98,4.965134812,0.388370425,200,0.128596395,0,0.388370425,200
314,315,13,3,2,12.001-13 kg ha,Cropland,<= mean = 2.531- 5.06 degrees,315,12.44476128,0.65,1.15,4.355666448,0.528052926,200,0.008629391,0,0.528052926,200
315,316,13,1,3,12.001-13 kg ha,NaturalTrees,<= mean + 1 STD = 5.061-12.225 degrees,316,12.42508411,0.64,0.95,4.47303028,0.899999976,200,0.549592316,0,0.899999976,200
316,317,13,3,3,12.001-13 kg ha,Cropland,<= mean + 1 STD = 5.061-12.225 degrees,317,12.4479351,0.65,1.13,4.356777285,0.742456496,200,0.005365314,0,0.742456496,200
317,318,13,2,3,12.001-13 kg ha,Non-wood Natural,<= mean + 1 STD = 5.061-12.225 degrees,318,12.42403889,0.65,0.8,4.348413612,0.899999976,200,0.934157372,0,0.899999976,200
318,319,13,4,4,12.001-13 kg ha,Built-up and artificial,<= mean + 3 STD (1 STD + 2STD) = 12.226- 26.557 degrees,319,12.4526968,0.64,0.82,4.482970848,0.785942256,200,0.874664217,0,0.785942256,200
319,320,13,1,4,12.001-13 kg ha,NaturalTrees,<= mean + 3 STD (1 STD + 2STD) = 12.226- 26.557 degrees,320,12.4567194,0.64,0.78,4.484418984,0.899999976,200,0.691632211,0,0.899999976,200
320,321,13,5,4,12.001-13 kg ha,Water & Wetlands,<= mean + 3 STD (1 STD + 2STD) = 12.226- 26.557 degrees,321,12.42179489,0.6,0.8,4.968717956,0.661892951,200,1,0,0.661892951,200
321,322,13,2,4,12.001-13 kg ha,Non-wood Natural,<= mean + 3 STD (1 STD + 2STD) = 12.226- 26.557 degrees,322,12.44406796,0.37,0.36,7.839762815,0.899999976,200,0.947100043,0,0.899999976,200
322,323,13,5,3,12.001-13 kg ha,Water & Wetlands,<= mean + 1 STD = 5.061-12.225 degrees,323,12.41525173,0.59,0.82,5.090253209,0.439999938,200,1,0,0.439999938,200
323,324,13,5,1,12.001-13 kg ha,Water & Wetlands,<= 1/2 STD = < 2.53 degrees,324,12.39728737,0.58,0.81,5.206860695,0.000158838,200,0.968839467,0,0.000158838,200
324,325,13,5,2,12.001-13 kg ha,Water & Wetlands,<= mean = 2.531- 5.06 degrees,325,12.40711498,0.59,0.85,5.086917142,0.358779907,200,1,0,0.358779907,200
325,326,14,4,2,13.001-14 kg ha,Built-up and artificial,<= mean = 2.531- 5.06 degrees,326,13.44650745,0.66,1.08,4.571812533,0.415704876,200,0.93104893,0,0.415704876,200
326,327,14,4,3,13.001-14 kg ha,Built-up and artificial,<= mean + 1 STD = 5.061-12.225 degrees,327,13.44293213,0.66,1.04,4.570596924,0.580888391,200,0.893444777,0,0.580888391,200
327,328,14,1,1,13.001-14 kg ha,NaturalTrees,<= 1/2 STD = < 2.53 degrees,328,13.40288734,0.64,1.01,4.825039442,0.899999976,200,0.862246096,0,0.899999976,200
328,329,14,4,1,13.001-14 kg ha,Built-up and artificial,<= 1/2 STD = < 2.53 degrees,329,13.41677761,0.64,1.07,4.83003994,0.21590811,200,0.966120154,0,0.21590811,200
329,330,14,1,2,13.001-14 kg ha,NaturalTrees,<= mean = 2.531- 5.06 degrees,330,13.42916393,0.65,1.01,4.700207376,0.899999976,200,0.716266751,0,0.899999976,200
330,331,14,5,3,13.001-14 kg ha,Water & Wetlands,<= mean + 1 STD = 5.061-12.225 degrees,331,13.43007183,0.63,0.97,4.969126577,0.564823151,200,1,0,0.564823151,200
331,332,14,5,2,13.001-14 kg ha,Water & Wetlands,<= mean = 2.531- 5.06 degrees,332,13.39905167,0.63,1.01,4.957649118,0.432551682,200,1,0,0.432551682,200
332,333,14,5,1,13.001-14 kg ha,Water & Wetlands,<= 1/2 STD = < 2.53 degrees,333,13.46205807,0.63,0.98,4.980961486,0,200,0.950272799,0,0,200
333,334,14,2,3,13.001-14 kg ha,Non-wood Natural,<= mean + 1 STD = 5.061-12.225 degrees,334,13.45439053,0.66,0.77,4.57449278,0.899999976,200,0.944955349,0,0.899999976,200
334,335,14,1,3,13.001-14 kg ha,NaturalTrees,<= mean + 1 STD = 5.061-12.225 degrees,335,13.43117666,0.65,0.95,4.700911831,0.899999976,200,0.621706247,0,0.899999976,200
335,336,14,2,2,13.001-14 kg ha,Non-wood Natural,<= mean = 2.531- 5.06 degrees,336,13.46383667,0.66,0.98,4.577704468,0.899999976,200,0.948767126,0,0.899999976,200
336,337,14,2,1,13.001-14 kg ha,Non-wood Natural,<= 1/2 STD = < 2.53 degrees,337,13.44260979,0.64,1.04,4.839339524,0.899999976,200,0.960984439,0,0.899999976,200
337,338,14,4,4,13.001-14 kg ha,Built-up and artificial,<= mean + 3 STD (1 STD + 2STD) = 12.226- 26.557 degrees,338,13.46033764,0.63,0.76,4.980324927,0.778315902,200,0.847337306,0,0.778315902,200
338,339,14,3,1,13.001-14 kg ha,Cropland,<= 1/2 STD = < 2.53 degrees,339,13.40862751,0.64,1.08,4.827105904,0.491589457,200,0.09663064,0,0.491589457,200
339,340,11,4,5,10.001-11 kg ha,Built-up and artificial,> mean + 3STD = 26.558-89.281 degrees,340,10.42652512,0.67,0.98,3.44075329,0.73220408,200,0.865652502,0,0.73220408,200
340,341,11,2,5,10.001-11 kg ha,Non-wood Natural,> mean + 3STD = 26.558-89.281 degrees,341,10.45688438,0.35,0.555,6.796974847,5.82E-05,200,0.942018062,0,5.82E-05,200
341,342,7,6,5,6.001-7 kg ha,Improved Grasslands,> mean + 3STD = 26.558-89.281 degrees,342,6.51025486,0.54,0.62,2.994717236,0.899999976,200,0.027944285,0,0.899999976,200
342,343,12,2,5,11.001-12 kg ha,Non-wood Natural,> mean + 3STD = 26.558-89.281 degrees,343,11.47910595,0.28,0.4,8.264956284,0.000422838,200,0.946286112,0,0.000422838,200
343,344,12,1,5,11.001-12 kg ha,NaturalTrees,> mean + 3STD = 26.558-89.281 degrees,344,11.48794365,0.53,0.61,5.399333516,0.899999976,200,0.748346508,0,0.899999976,200
344,345,11,5,5,10.001-11 kg ha,Water & Wetlands,> mean + 3STD = 26.558-89.281 degrees,345,10.47707653,0.6,1,4.190830612,0.604376853,200,1,0,0.604376853,200
345,346,12,5,5,11.001-12 kg ha,Water & Wetlands,> mean + 3STD = 26.558-89.281 degrees,346,11.451262,0.6,1.005,4.5805048,0.713032722,200,1,0,0.713032722,200
346,347,13,1,5,12.001-13 kg ha,NaturalTrees,> mean + 3STD = 26.558-89.281 degrees,347,12.46808338,0.63,0.64,4.613190851,0.899999976,200,0.793129444,0,0.899999976,200
347,348,13,2,5,12.001-13 kg ha,Non-wood Natural,> mean + 3STD = 26.558-89.281 degrees,348,12.40767479,0.28,0.32,8.933525849,0.015551344,200,0.944883227,0,0.015551344,200
348,349,13,4,5,12.001-13 kg ha,Built-up and artificial,> mean + 3STD = 26.558-89.281 degrees,349,12.48233318,0.61,0.74,4.86810994,0.899999976,200,0.878864944,0,0.899999976,200
349,350,13,3,4,12.001-13 kg ha,Cropland,<= mean + 3 STD (1 STD + 2STD) = 12.226- 26.557 degrees,350,12.46962547,0.65,0.98,4.364368915,0.899999976,200,0.025634037,0,0.899999976,200
350,351,13,5,5,12.001-13 kg ha,Water & Wetlands,> mean + 3STD = 26.558-89.281 degrees,351,12.4538765,0.62,0.8,4.73247307,0.899999976,200,1,0,0.899999976,200
351,352,14,1,4,13.001-14 kg ha,NaturalTrees,<= mean + 3 STD (1 STD + 2STD) = 12.226- 26.557 degrees,352,13.41470909,0.65,0.77,4.695148182,0.899999976,200,0.690201879,0,0.899999976,200
352,353,14,2,4,13.001-14 kg ha,Non-wood Natural,<= mean + 3 STD (1 STD + 2STD) = 12.226- 26.557 degrees,353,13.45798206,0.53,0.62,6.325251568,0.899999976,200,0.955862045,0,0.899999976,200
353,354,14,5,4,13.001-14 kg ha,Water & Wetlands,<= mean + 3 STD (1 STD + 2STD) = 12.226- 26.557 degrees,354,13.47884178,0.64,0.88,4.852383041,0.873523474,200,1,0,0.873523474,200
354,355,14,3,2,13.001-14 kg ha,Cropland,<= mean = 2.531- 5.06 degrees,355,13.43257809,0.67,1.12,4.43275077,0.63096267,200,0.01144524,0,0.63096267,200
355,356,14,3,3,13.001-14 kg ha,Cropland,<= mean + 1 STD = 5.061-12.225 degrees,356,13.43132019,0.67,1.1,4.432335663,0.825233102,200,0.004736075,0,0.825233102,200
356,357,15,4,1,14.001-15 kg ha,Built-up and artificial,<= 1/2 STD = < 2.53 degrees,357,14.47136116,0.63,1,5.354403629,0.252141565,200,0.960286885,0,0.252141565,200
357,358,15,1,1,14.001-15 kg ha,NaturalTrees,<= 1/2 STD = < 2.53 degrees,358,14.43365002,0.64,0.95,5.196114007,0.899999976,200,0.903160632,0,0.899999976,200
358,359,15,2,1,14.001-15 kg ha,Non-wood Natural,<= 1/2 STD = < 2.53 degrees,359,14.44685936,0.65,1.01,5.056400776,0.899999976,200,0.968368292,0,0.899999976,200
359,360,15,2,2,14.001-15 kg ha,Non-wood Natural,<= mean = 2.531- 5.06 degrees,360,14.41315174,0.66,0.89,4.900471592,0.899999976,200,0.95994556,0,0.899999976,200
360,361,15,1,2,14.001-15 kg ha,NaturalTrees,<= mean = 2.531- 5.06 degrees,361,14.41465664,0.65,0.92,5.045129824,0.899999976,200,0.823925614,0,0.899999976,200
361,362,15,4,2,14.001-15 kg ha,Built-up and artificial,<= mean = 2.531- 5.06 degrees,362,14.44326448,0.66,1.04,4.910709923,0.43824169,200,0.92823416,0,0.43824169,200
362,363,15,1,3,14.001-15 kg ha,NaturalTrees,<= mean + 1 STD = 5.061-12.225 degrees,363,14.42406178,0.65,0.81,5.048421623,0.899999976,200,0.732553005,0,0.899999976,200
363,364,15,4,3,14.001-15 kg ha,Built-up and artificial,<= mean + 1 STD = 5.061-12.225 degrees,364,14.42306328,0.66,0.91,4.903841515,0.63096267,200,0.891973972,0,0.63096267,200
364,365,15,5,4,14.001-15 kg ha,Water & Wetlands,<= mean + 3 STD (1 STD + 2STD) = 12.226- 26.557 degrees,365,14.49580002,0.67,1.07,4.783614007,0.750479877,200,1,0,0.750479877,200
365,366,15,5,3,14.001-15 kg ha,Water & Wetlands,<= mean + 1 STD = 5.061-12.225 degrees,366,14.47531033,0.64,1,5.211111719,0.489730835,200,1,0,0.489730835,200
366,367,15,5,2,14.001-15 kg ha,Water & Wetlands,<= mean = 2.531- 5.06 degrees,367,14.51687241,0.64,1.04,5.226074068,0.379738003,200,1,0,0.379738003,200
367,368,15,5,1,14.001-15 kg ha,Water & Wetlands,<= 1/2 STD = < 2.53 degrees,368,14.57279873,0.64,1.03,5.246207543,0,200,0.955428839,0,0,200
368,369,15,2,3,14.001-15 kg ha,Non-wood Natural,<= mean + 1 STD = 5.061-12.225 degrees,369,14.41249847,0.66,0.76,4.90024948,0.899999976,200,0.95390892,0,0.899999976,200
369,370,15,1,4,14.001-15 kg ha,NaturalTrees,<= mean + 3 STD (1 STD + 2STD) = 12.226- 26.557 degrees,370,14.44796562,0.62,0.73,5.490226936,0.899999976,200,0.610527873,0,0.899999976,200
370,371,15,3,1,14.001-15 kg ha,Cropland,<= 1/2 STD = < 2.53 degrees,371,14.41546059,0.65,1.07,5.045411207,0.592063963,200,0.141149834,0,0.592063963,200
371,372,15,3,2,14.001-15 kg ha,Cropland,<= mean = 2.531- 5.06 degrees,372,14.39722824,0.67,1.08,4.751085319,0.758546352,200,0.03331136,0,0.758546352,200
372,373,14,4,5,13.001-14 kg ha,Built-up and artificial,> mean + 3STD = 26.558-89.281 degrees,373,13.47420025,0.67,0.75,4.446486083,0.847679317,200,0.871658087,0,0.847679317,200
373,374,15,3,3,14.001-15 kg ha,Cropland,<= mean + 1 STD = 5.061-12.225 degrees,374,14.42272091,0.66,1.04,4.903725109,0.899999976,200,0.024970748,0,0.899999976,200
374,375,14,1,5,13.001-14 kg ha,NaturalTrees,> mean + 3STD = 26.558-89.281 degrees,375,13.42127895,0.65,0.63,4.697447633,0.899999976,200,0.814798653,0,0.899999976,200
375,376,15,4,4,14.001-15 kg ha,Built-up and artificial,<= mean + 3 STD (1 STD + 2STD) = 12.226- 26.557 degrees,376,14.4046917,0.6,0.72,5.76187668,0.759123981,200,0.884062827,0,0.759123981,200
376,377,14,5,5,13.001-14 kg ha,Water & Wetlands,> mean + 3STD = 26.558-89.281 degrees,377,13.47551918,0.58,0.83,5.659718056,0.899999976,200,1,0,0.899999976,200
377,378,15,2,4,14.001-15 kg ha,Non-wood Natural,<= mean + 3 STD (1 STD + 2STD) = 12.226- 26.557 degrees,378,14.45642281,0.28,0.29,10.40862442,0.899999976,200,0.957424164,0,0.899999976,200
378,379,17,1,3,15.001-17 kg ha,NaturalTrees,<= mean + 1 STD = 5.061-12.225 degrees,379,15.8755846,0.62,0.78,6.032722148,0.899999976,200,0.679507494,0,0.899999976,200
379,380,17,2,3,15.001-17 kg ha,Non-wood Natural,<= mean + 1 STD = 5.061-12.225 degrees,380,15.93246937,0.65,0.73,5.57636428,0.899999976,200,0.948828399,0,0.899999976,200
380,381,17,1,2,15.001-17 kg ha,NaturalTrees,<= mean = 2.531- 5.06 degrees,381,15.86394024,0.64,0.9,5.711018486,0.899999976,200,0.785399675,0,0.899999976,200
381,382,17,2,2,15.001-17 kg ha,Non-wood Natural,<= mean = 2.531- 5.06 degrees,382,15.88466263,0.65,0.89,5.559631921,0.899999976,200,0.948044837,0,0.899999976,200
382,383,17,1,1,15.001-17 kg ha,NaturalTrees,<= 1/2 STD = < 2.53 degrees,383,15.87603569,0.61,0.87,6.191653919,0.899999976,200,0.907054394,0,0.899999976,200
383,384,17,2,1,15.001-17 kg ha,Non-wood Natural,<= 1/2 STD = < 2.53 degrees,384,15.951828,0.61,0.91,6.22121292,0.899999976,200,0.963898182,0,0.899999976,200
384,385,17,4,3,15.001-17 kg ha,Built-up and artificial,<= mean + 1 STD = 5.061-12.225 degrees,385,15.9680481,0.65,0.86,5.588816835,0.666217387,200,0.88490814,0,0.666217387,200
385,386,17,4,2,15.001-17 kg ha,Built-up and artificial,<= mean = 2.531- 5.06 degrees,386,15.85426426,0.65,1.03,5.548992491,0.493917704,200,0.91502142,0,0.493917704,200
386,387,17,1,4,15.001-17 kg ha,NaturalTrees,<= mean + 3 STD (1 STD + 2STD) = 12.226- 26.557 degrees,387,15.8641634,0.58,0.69,6.662948628,0.899999976,200,0.630415618,0,0.899999976,200
387,388,17,4,1,15.001-17 kg ha,Built-up and artificial,<= 1/2 STD = < 2.53 degrees,388,15.87755775,0.61,0.9,6.192247523,0.234476,200,0.962495416,0,0.234476,200
388,389,17,2,4,15.001-17 kg ha,Non-wood Natural,<= mean + 3 STD (1 STD + 2STD) = 12.226- 26.557 degrees,389,15.94520283,0.34,0.51,10.52383387,0.899999976,200,0.957948327,0,0.899999976,200
389,390,17,5,1,15.001-17 kg ha,Water & Wetlands,<= 1/2 STD = < 2.53 degrees,390,15.94257641,0.6,0.93,6.377030564,0,200,0.934505641,0,0,200
390,391,17,5,2,15.001-17 kg ha,Water & Wetlands,<= mean = 2.531- 5.06 degrees,391,15.98736954,0.61,0.85,6.235074121,0.258172631,200,1,0,0.258172631,200
391,392,17,5,3,15.001-17 kg ha,Water & Wetlands,<= mean + 1 STD = 5.061-12.225 degrees,392,15.97974491,0.64,0.83,5.752708168,0.355212957,200,1,0,0.355212957,200
392,393,17,3,1,15.001-17 kg ha,Cropland,<= 1/2 STD = < 2.53 degrees,393,15.91099358,0.63,0.95,5.887067625,0.594618797,200,0.17606321,0,0.594618797,200
393,394,17,3,2,15.001-17 kg ha,Cropland,<= mean = 2.531- 5.06 degrees,394,15.83709621,0.65,1.09,5.542983674,0.794196665,200,0.024727695,0,0.794196665,200
394,395,14,2,5,13.001-14 kg ha,Non-wood Natural,> mean + 3STD = 26.558-89.281 degrees,395,13.51230049,0.13,0.265,11.75570143,0.034990564,200,0.955479801,0,0.034990564,200
395,396,17,1,5,15.001-17 kg ha,NaturalTrees,> mean + 3STD = 26.558-89.281 degrees,396,15.84723759,0.41,0.52,9.349870178,0.899999976,200,0.882949233,0,0.899999976,200
396,397,17,5,4,15.001-17 kg ha,Water & Wetlands,<= mean + 3 STD (1 STD + 2STD) = 12.226- 26.557 degrees,397,15.9545908,0.64,0.78,5.743652688,0.605924785,200,1,0,0.605924785,200
397,398,17,4,4,15.001-17 kg ha,Built-up and artificial,<= mean + 3 STD (1 STD + 2STD) = 12.226- 26.557 degrees,398,15.98176813,0.58,0.73,6.712342615,0.865791351,200,0.867509097,0,0.865791351,200
398,399,17,3,3,15.001-17 kg ha,Cropland,<= mean + 1 STD = 5.061-12.225 degrees,399,15.87481308,0.64,1.04,5.714932709,0.899999976,200,0.020070281,0,0.899999976,200
399,400,15,1,5,14.001-15 kg ha,NaturalTrees,> mean + 3STD = 26.558-89.281 degrees,400,14.48785782,0.44,0.54,8.113200379,0.899999976,200,0.833233416,0,0.899999976,200
400,401,15,2,5,14.001-15 kg ha,Non-wood Natural,> mean + 3STD = 26.558-89.281 degrees,401,14.47326183,0.28,0.29,10.42074852,0.010845556,200,0.956352413,0,0.010845556,200
401,402,14,3,4,13.001-14 kg ha,Cropland,<= mean + 3 STD (1 STD + 2STD) = 12.226- 26.557 degrees,402,13.42468739,0.66,0.97,4.564393713,0.899999976,200,0.015284771,0,0.899999976,200
402,403,15,5,5,14.001-15 kg ha,Water & Wetlands,> mean + 3STD = 26.558-89.281 degrees,403,14.52331734,0.67,0.89,4.792694722,0.899999976,200,1,0,0.899999976,200
403,404,17,2,5,15.001-17 kg ha,Non-wood Natural,> mean + 3STD = 26.558-89.281 degrees,404,15.84752464,0.27,0.31,11.56869299,0.028611001,200,0.957202911,0,0.028611001,200
404,405,20,5,1,17.001-20 kg ha,Water & Wetlands,<= 1/2 STD = < 2.53 degrees,405,18.36730003,0.58,0.84,7.714266013,0,200,0.953646362,0,0,200
405,406,20,2,1,17.001-20 kg ha,Non-wood Natural,<= 1/2 STD = < 2.53 degrees,406,18.37527466,0.56,0.85,8.08512085,0.899999976,200,0.986018836,0,0.899999976,200
406,407,20,4,1,17.001-20 kg ha,Built-up and artificial,<= 1/2 STD = < 2.53 degrees,407,18.51487923,0.57,0.86,7.961398069,0.209180504,200,0.976982355,0,0.209180504,200
407,408,20,2,2,17.001-20 kg ha,Non-wood Natural,<= mean = 2.531- 5.06 degrees,408,18.11749268,0.65,0.9,6.341122438,0.899999976,200,0.954130888,0,0.899999976,200
408,409,20,3,1,17.001-20 kg ha,Cropland,<= 1/2 STD = < 2.53 degrees,409,18.45264816,0.59,0.9,7.565585746,0.701318741,200,0.364260107,0,0.701318741,200
409,410,20,1,1,17.001-20 kg ha,NaturalTrees,<= 1/2 STD = < 2.53 degrees,410,18.45188713,0.58,0.85,7.749792595,0.899999976,200,0.967059255,0,0.899999976,200
410,411,20,2,3,17.001-20 kg ha,Non-wood Natural,<= mean + 1 STD = 5.061-12.225 degrees,411,18.24844933,0.62,0.69,6.934410745,0.899999976,200,0.954240501,0,0.899999976,200
411,412,20,1,3,17.001-20 kg ha,NaturalTrees,<= mean + 1 STD = 5.061-12.225 degrees,412,18.30582619,0.59,0.76,7.505388738,0.899999976,200,0.605300903,0,0.899999976,200
412,413,20,4,3,17.001-20 kg ha,Built-up and artificial,<= mean + 1 STD = 5.061-12.225 degrees,413,18.2839241,0.64,0.84,6.582212676,0.625180066,200,0.8924734,0,0.625180066,200
413,414,20,1,2,17.001-20 kg ha,NaturalTrees,<= mean = 2.531- 5.06 degrees,414,18.28232193,0.61,0.85,7.130105553,0.899999976,200,0.831170559,0,0.899999976,200
414,415,20,1,4,17.001-20 kg ha,NaturalTrees,<= mean + 3 STD (1 STD + 2STD) = 12.226- 26.557 degrees,415,18.41996574,0.56,0.65,8.104784926,0.899999976,200,0.170736909,0,0.899999976,200
415,416,20,4,2,17.001-20 kg ha,Built-up and artificial,<= mean = 2.531- 5.06 degrees,416,18.30289078,0.64,0.98,6.589040681,0.412716538,200,0.92945677,0,0.412716538,200
416,417,20,3,2,17.001-20 kg ha,Cropland,<= mean = 2.531- 5.06 degrees,417,18.14921761,0.64,1.02,6.53371834,0.899999976,200,0.072683379,0,0.899999976,200
417,418,20,2,4,17.001-20 kg ha,Non-wood Natural,<= mean + 3 STD (1 STD + 2STD) = 12.226- 26.557 degrees,418,18.37757587,0.45,0.58,10.10766673,0.899999976,200,0.952747881,0,0.899999976,200
418,419,20,3,3,17.001-20 kg ha,Cropland,<= mean + 1 STD = 5.061-12.225 degrees,419,18.05744553,0.62,0.97,6.861829301,0.899999976,200,0.030013891,0,0.899999976,200
419,420,20,5,2,17.001-20 kg ha,Water & Wetlands,<= mean = 2.531- 5.06 degrees,420,18.35835457,0.58,0.84,7.710508919,0.254813194,200,1,0,0.254813194,200
420,421,20,3,4,17.001-20 kg ha,Cropland,<= mean + 3 STD (1 STD + 2STD) = 12.226- 26.557 degrees,421,18.21711826,0.55,0.69,8.197703217,0.899999976,200,0.009474591,0,0.899999976,200
421,422,17,5,5,15.001-17 kg ha,Water & Wetlands,> mean + 3STD = 26.558-89.281 degrees,422,15.90663099,0.67,0.91,5.249188227,0.694115579,200,1,0,0.694115579,200
422,423,20,5,3,17.001-20 kg ha,Water & Wetlands,<= mean + 1 STD = 5.061-12.225 degrees,423,18.31827164,0.58,0.84,7.693674089,0.358382732,200,1,0,0.358382732,200
423,424,15,3,4,14.001-15 kg ha,Cropland,<= mean + 3 STD (1 STD + 2STD) = 12.226- 26.557 degrees,424,14.43785048,0.63,0.81,5.342004678,0.899999976,200,0.020082014,0,0.899999976,200
424,425,17,4,5,15.001-17 kg ha,Built-up and artificial,> mean + 3STD = 26.558-89.281 degrees,425,15.97301006,0.54,0.63,7.347584628,0.635713875,200,0.888932586,0,0.635713875,200
425,426,20,5,4,17.001-20 kg ha,Water & Wetlands,<= mean + 3 STD (1 STD + 2STD) = 12.226- 26.557 degrees,426,18.15176773,0.62,0.76,6.897671737,0.784766316,200,1,0,0.784766316,200
426,427,20,4,4,17.001-20 kg ha,Built-up and artificial,<= mean + 3 STD (1 STD + 2STD) = 12.226- 26.557 degrees,427,18.35048103,0.56,0.66,8.074211653,0.855023921,200,0.873483121,0,0.855023921,200
427,428,20,1,5,17.001-20 kg ha,NaturalTrees,> mean + 3STD = 26.558-89.281 degrees,428,18.36254692,0.62,0.52,6.97776783,0.899999976,200,0.523137152,0,0.899999976,200
428,429,20,4,5,17.001-20 kg ha,Built-up and artificial,> mean + 3STD = 26.558-89.281 degrees,429,18.52504349,0.58,0.58,7.780518266,0.604376853,200,0.886603355,0,0.604376853,200
429,430,20,2,5,17.001-20 kg ha,Non-wood Natural,> mean + 3STD = 26.558-89.281 degrees,430,18.36855888,0.27,0.28,13.40904798,0.039732095,200,0.927681565,0,0.039732095,200
430,431,17,3,4,15.001-17 kg ha,Cropland,<= mean + 3 STD (1 STD + 2STD) = 12.226- 26.557 degrees,431,15.88160133,0.6,0.8,6.352640532,0.899999976,200,0.061635412,0,0.899999976,200
431,432,25,2,1,20.001-25 kg ha,Non-wood Natural,<= 1/2 STD = < 2.53 degrees,432,21.86390114,0.56,0.8,9.620116502,0.899999976,200,0.989814162,0,0.899999976,200
432,433,25,5,1,20.001-25 kg ha,Water & Wetlands,<= 1/2 STD = < 2.53 degrees,433,21.57891083,0.58,0.82,9.063142549,0,200,0.960979044,0,0,200
433,434,25,5,2,20.001-25 kg ha,Water & Wetlands,<= mean = 2.531- 5.06 degrees,434,21.8035183,0.58,0.82,9.157477686,0.402973533,200,1,0,0.402973533,200
434,435,25,2,2,20.001-25 kg ha,Non-wood Natural,<= mean = 2.531- 5.06 degrees,435,21.38438797,0.56,0.78,9.409130707,0.899999976,200,0.958929718,0,0.899999976,200
435,436,25,2,3,20.001-25 kg ha,Non-wood Natural,<= mean + 1 STD = 5.061-12.225 degrees,436,21.16355705,0.45,0.55,11.63995638,0.899999976,200,0.955118895,0,0.899999976,200
436,437,25,3,2,20.001-25 kg ha,Cropland,<= mean = 2.531- 5.06 degrees,437,21.8801384,0.55,0.82,9.84606228,0.884718359,200,0.152510151,0,0.884718359,200
437,438,25,3,1,20.001-25 kg ha,Cropland,<= 1/2 STD = < 2.53 degrees,438,21.98009109,0.56,0.83,9.67124008,0.802494049,200,0.315707684,0,0.802494049,200
438,439,25,4,1,20.001-25 kg ha,Built-up and artificial,<= 1/2 STD = < 2.53 degrees,439,22.12041283,0.54,0.8,10.1753899,0.243883312,200,0.955764979,0,0.243883312,200
439,440,25,1,1,20.001-25 kg ha,NaturalTrees,<= 1/2 STD = < 2.53 degrees,440,22.14167976,0.55,0.81,9.963755892,0.899999976,200,0.975035131,0,0.899999976,200
440,441,25,1,4,20.001-25 kg ha,NaturalTrees,<= mean + 3 STD (1 STD + 2STD) = 12.226- 26.557 degrees,441,21.54345703,0.4,0.48,12.92607422,0.899999976,200,0.02648,0,0.899999976,200
441,442,25,1,3,20.001-25 kg ha,NaturalTrees,<= mean + 1 STD = 5.061-12.225 degrees,442,21.67189217,0.45,0.58,11.91954069,0.899999976,200,0.104476463,0,0.899999976,200
442,443,25,4,2,20.001-25 kg ha,Built-up and artificial,<= mean = 2.531- 5.06 degrees,443,21.65366554,0.53,0.76,10.1772228,0.230000675,200,0.929819316,0,0.230000675,200
443,444,25,1,2,20.001-25 kg ha,NaturalTrees,<= mean = 2.531- 5.06 degrees,444,21.90487289,0.55,0.81,9.857192801,0.899999976,200,0.883344591,0,0.899999976,200
444,445,25,3,3,20.001-25 kg ha,Cropland,<= mean + 1 STD = 5.061-12.225 degrees,445,21.82514954,0.5,0.61,10.91257477,0.840974629,200,0.060746584,0,0.840974629,200
445,446,25,4,3,20.001-25 kg ha,Built-up and artificial,<= mean + 1 STD = 5.061-12.225 degrees,446,21.41702271,0.43,0.56,12.20770294,0.424302518,200,0.888998628,0,0.424302518,200
446,447,25,2,4,20.001-25 kg ha,Non-wood Natural,<= mean + 3 STD (1 STD + 2STD) = 12.226- 26.557 degrees,447,21.3363018,0.38,0.34,13.22850712,0.899999976,200,0.948969364,0,0.899999976,200
447,448,25,5,3,20.001-25 kg ha,Water & Wetlands,<= mean + 1 STD = 5.061-12.225 degrees,448,21.73996544,0.58,0.82,9.130785485,0.420422703,200,1,0,0.420422703,200
448,449,25,4,4,20.001-25 kg ha,Built-up and artificial,<= mean + 3 STD (1 STD + 2STD) = 12.226- 26.557 degrees,449,21.2432518,0.39,0.4,12.9583836,0.854410589,200,0.863587022,0,0.854410589,200
449,450,25,5,4,20.001-25 kg ha,Water & Wetlands,<= mean + 3 STD (1 STD + 2STD) = 12.226- 26.557 degrees,450,21.41102409,0.56,0.85,9.4208506,0.842191517,200,1,0,0.842191517,200
450,451,25,3,4,20.001-25 kg ha,Cropland,<= mean + 3 STD (1 STD + 2STD) = 12.226- 26.557 degrees,451,21.60411453,0.45,0.57,11.88226299,0.899999976,200,0.01862064,0,0.899999976,200
451,452,25,1,5,20.001-25 kg ha,NaturalTrees,> mean + 3STD = 26.558-89.281 degrees,452,21.63991451,0.38,0.37,13.416747,0.899999976,200,0.024716486,0,0.899999976,200
452,453,25,2,5,20.001-25 kg ha,Non-wood Natural,> mean + 3STD = 26.558-89.281 degrees,453,21.90584755,0.35,0.34,14.23880091,0,200,0.692245603,0,0,200
453,454,20,5,5,17.001-20 kg ha,Water & Wetlands,> mean + 3STD = 26.558-89.281 degrees,454,18.18455887,0.64,0.76,6.546441193,0.875384271,200,1,0,0.875384271,200
454,455,12,4,5,11.001-12 kg ha,Built-up and artificial,> mean + 3STD = 26.558-89.281 degrees,455,11.50556612,0.47,0.54,6.097950044,0.757968664,200,0.874349415,0,0.757968664,200
455,456,10,6,2,8.001-10 kg ha,Improved Grasslands,<= mean = 2.531- 5.06 degrees,456,9.067461014,0.7,0.98,2.720238304,0.899999976,200,0.548183352,0,0.899999976,200
456,457,10,6,1,8.001-10 kg ha,Improved Grasslands,<= 1/2 STD = < 2.53 degrees,457,9.132448196,0.67,1.01,3.013707905,0.899999976,200,0.618577123,0,0.899999976,200
457,458,10,6,3,8.001-10 kg ha,Improved Grasslands,<= mean + 1 STD = 5.061-12.225 degrees,458,8.967448235,0.69,0.95,2.779908953,0.899999976,200,0.325450271,0,0.899999976,200
458,459,10,6,4,8.001-10 kg ha,Improved Grasslands,<= mean + 3 STD (1 STD + 2STD) = 12.226- 26.557 degrees,459,8.935489655,0.65,0.84,3.127421379,0.899999976,200,0.234394133,0,0.899999976,200
459,460,10,6,5,8.001-10 kg ha,Improved Grasslands,> mean + 3STD = 26.558-89.281 degrees,460,8.942323685,0.56,0.63,3.934622421,0.899999976,200,0.766961157,0,0.899999976,200
460,461,8,6,5,7.001-8 kg ha,Improved Grasslands,> mean + 3STD = 26.558-89.281 degrees,461,7.519583941,0.55,0.64,3.383812773,0.899999976,200,0.179431476,0,0.899999976,200
461,462,11,3,5,10.001-11 kg ha,Cropland,> mean + 3STD = 26.558-89.281 degrees,462,10.39170933,0.61,0.82,4.052766639,0.839758635,200,0.581134379,0,0.839758635,200
462,463,13,3,5,12.001-13 kg ha,Cropland,> mean + 3STD = 26.558-89.281 degrees,463,12.44510651,0.65,0.75,4.355787279,0.899999976,200,0.436668217,0,0.899999976,200
463,464,11,6,3,10.001-11 kg ha,Improved Grasslands,<= mean + 1 STD = 5.061-12.225 degrees,464,10.46484661,0.66,0.97,3.558047847,0.899999976,200,0.403889418,0,0.899999976,200
464,465,11,6,1,10.001-11 kg ha,Improved Grasslands,<= 1/2 STD = < 2.53 degrees,465,10.44692898,0.63,0.94,3.865363723,0.899999976,200,0.698364258,0,0.899999976,200
465,466,11,6,2,10.001-11 kg ha,Improved Grasslands,<= mean = 2.531- 5.06 degrees,466,10.4457531,0.66,0.97,3.551556054,0.899999976,200,0.547828197,0,0.899999976,200
466,467,11,6,4,10.001-11 kg ha,Improved Grasslands,<= mean + 3 STD (1 STD + 2STD) = 12.226- 26.557 degrees,467,10.46656036,0.65,0.9,3.663296126,0.899999976,200,0.453211874,0,0.899999976,200
467,468,12,6,4,11.001-12 kg ha,Improved Grasslands,<= mean + 3 STD (1 STD + 2STD) = 12.226- 26.557 degrees,468,11.44961739,0.63,0.83,4.236358434,0.899999976,200,0.281523868,0,0.899999976,200
468,469,12,6,3,11.001-12 kg ha,Improved Grasslands,<= mean + 1 STD = 5.061-12.225 degrees,469,11.43356514,0.65,0.96,4.001747799,0.899999976,200,0.335217774,0,0.899999976,200
469,470,12,6,1,11.001-12 kg ha,Improved Grasslands,<= 1/2 STD = < 2.53 degrees,470,11.4469471,0.59,0.86,4.693248311,0.86980778,200,0.773367822,0,0.86980778,200
470,471,12,6,2,11.001-12 kg ha,Improved Grasslands,<= mean = 2.531- 5.06 degrees,471,11.42561245,0.66,0.99,3.884708233,0.899999976,200,0.52787739,0,0.899999976,200
471,472,11,6,5,10.001-11 kg ha,Improved Grasslands,> mean + 3STD = 26.558-89.281 degrees,472,10.49532986,0.64,0.86,3.77831875,0.899999976,200,0.73489809,0,0.899999976,200
472,473,13,6,1,12.001-13 kg ha,Improved Grasslands,<= 1/2 STD = < 2.53 degrees,473,12.40524197,0.57,0.77,5.334254047,0.899999976,200,0.752577543,0,0.899999976,200
473,474,13,6,2,12.001-13 kg ha,Improved Grasslands,<= mean = 2.531- 5.06 degrees,474,12.41270924,0.66,1.02,4.220321142,0.899999976,200,0.487333417,0,0.899999976,200
474,475,13,6,3,12.001-13 kg ha,Improved Grasslands,<= mean + 1 STD = 5.061-12.225 degrees,475,12.410676,0.67,0.99,4.09552308,0.899999976,200,0.410393178,0,0.899999976,200
475,476,13,6,4,12.001-13 kg ha,Improved Grasslands,<= mean + 3 STD (1 STD + 2STD) = 12.226- 26.557 degrees,476,12.46932125,0.65,0.82,4.364262438,0.899999976,200,0.389642268,0,0.899999976,200
476,477,12,3,5,11.001-12 kg ha,Cropland,> mean + 3STD = 26.558-89.281 degrees,477,11.48783016,0.6,0.73,4.595132064,0.899999976,200,0.354554072,0,0.899999976,200
477,478,13,6,5,12.001-13 kg ha,Improved Grasslands,> mean + 3STD = 26.558-89.281 degrees,478,12.5403986,0.65,0.75,4.38913951,0.899999976,200,0.687880337,0,0.899999976,200
478,479,14,6,3,13.001-14 kg ha,Improved Grasslands,<= mean + 1 STD = 5.061-12.225 degrees,479,13.44005966,0.67,0.99,4.435219688,0.899999976,200,0.393897042,0,0.899999976,200
479,480,14,6,2,13.001-14 kg ha,Improved Grasslands,<= mean = 2.531- 5.06 degrees,480,13.46873856,0.67,1.02,4.444683725,0.899999976,200,0.440577805,0,0.899999976,200
480,481,14,6,1,13.001-14 kg ha,Improved Grasslands,<= 1/2 STD = < 2.53 degrees,481,13.44188881,0.64,1.04,4.839079972,0.899999976,200,0.663720667,0,0.899999976,200
481,482,14,6,4,13.001-14 kg ha,Improved Grasslands,<= mean + 3 STD (1 STD + 2STD) = 12.226- 26.557 degrees,482,13.39580822,0.66,0.8,4.554574795,0.899999976,200,0.417945445,0,0.899999976,200
482,483,14,3,5,13.001-14 kg ha,Cropland,> mean + 3STD = 26.558-89.281 degrees,483,13.36008453,0.72,0.85,3.740823668,0.899999976,200,0.497782797,0,0.899999976,200
483,484,14,6,5,13.001-14 kg ha,Improved Grasslands,> mean + 3STD = 26.558-89.281 degrees,484,13.33539677,0.66,0.71,4.534034902,0.899999976,200,0.740576565,0,0.899999976,200
484,485,15,6,3,14.001-15 kg ha,Improved Grasslands,<= mean + 1 STD = 5.061-12.225 degrees,485,14.4191494,0.66,0.87,4.902510796,0.899999976,200,0.587789237,0,0.899999976,200
485,486,15,6,1,14.001-15 kg ha,Improved Grasslands,<= 1/2 STD = < 2.53 degrees,486,14.41126347,0.64,0.98,5.188054849,0.899999976,200,0.719430625,0,0.899999976,200
486,487,15,6,2,14.001-15 kg ha,Improved Grasslands,<= mean = 2.531- 5.06 degrees,487,14.40127754,0.66,0.92,4.896434364,0.899999976,200,0.648935795,0,0.899999976,200
487,488,15,6,4,14.001-15 kg ha,Improved Grasslands,<= mean + 3 STD (1 STD + 2STD) = 12.226- 26.557 degrees,488,14.44514561,0.64,0.75,5.20025242,0.899999976,200,0.427970797,0,0.899999976,200
488,489,12,6,5,11.001-12 kg ha,Improved Grasslands,> mean + 3STD = 26.558-89.281 degrees,489,11.45736504,0.63,0.83,4.239225065,0.899999976,200,0.577414095,0,0.899999976,200
489,490,17,6,1,15.001-17 kg ha,Improved Grasslands,<= 1/2 STD = < 2.53 degrees,490,15.93788862,0.61,0.9,6.215776562,0.899999976,200,0.757032126,0,0.899999976,200
490,491,17,6,2,15.001-17 kg ha,Improved Grasslands,<= mean = 2.531- 5.06 degrees,491,15.89073277,0.65,0.96,5.56175647,0.899999976,200,0.591164201,0,0.899999976,200
491,492,17,6,3,15.001-17 kg ha,Improved Grasslands,<= mean + 1 STD = 5.061-12.225 degrees,492,15.95442772,0.64,0.86,5.743593979,0.899999976,200,0.545819044,0,0.899999976,200
492,493,17,6,4,15.001-17 kg ha,Improved Grasslands,<= mean + 3 STD (1 STD + 2STD) = 12.226- 26.557 degrees,493,15.95794964,0.62,0.74,6.064020863,0.899999976,200,0.286544904,0,0.899999976,200
493,494,17,6,5,15.001-17 kg ha,Improved Grasslands,> mean + 3STD = 26.558-89.281 degrees,494,15.99831486,0.62,0.64,6.079359647,0.899999976,200,0.720231473,0,0.899999976,200
494,495,20,6,1,17.001-20 kg ha,Improved Grasslands,<= 1/2 STD = < 2.53 degrees,495,18.50244904,0.57,0.83,7.956053087,0.899999976,200,0.863528132,0,0.899999976,200
495,496,20,6,2,17.001-20 kg ha,Improved Grasslands,<= mean = 2.531- 5.06 degrees,496,18.20413208,0.67,1.01,6.007363586,0.899999976,200,0.772098541,0,0.899999976,200
496,497,20,6,3,17.001-20 kg ha,Improved Grasslands,<= mean + 1 STD = 5.061-12.225 degrees,497,18.1521225,0.66,0.86,6.17172165,0.899999976,200,0.661956668,0,0.899999976,200
497,498,20,6,4,17.001-20 kg ha,Improved Grasslands,<= mean + 3 STD (1 STD + 2STD) = 12.226- 26.557 degrees,498,18.3121376,0.64,0.68,6.592369536,0.899999976,200,0.10534082,0,0.899999976,200
498,499,25,6,1,20.001-25 kg ha,Improved Grasslands,<= 1/2 STD = < 2.53 degrees,499,22.01413345,0.57,0.81,9.466077384,0.899999976,200,0.869876802,0,0.899999976,200
499,500,25,6,2,20.001-25 kg ha,Improved Grasslands,<= mean = 2.531- 5.06 degrees,500,21.6047945,0.59,0.86,8.857965745,0.899999976,200,0.821889937,0,0.899999976,200
500,501,25,6,3,20.001-25 kg ha,Improved Grasslands,<= mean + 1 STD = 5.061-12.225 degrees,501,21.38685226,0.61,0.77,8.340872381,0.899999976,200,0.812263966,0,0.899999976,200
501,502,15,3,5,14.001-15 kg ha,Cropland,> mean + 3STD = 26.558-89.281 degrees,502,14.47878361,0.62,0.78,5.501937772,0.899999976,200,0.636618376,0,0.899999976,200
502,503,17,3,5,15.001-17 kg ha,Cropland,> mean + 3STD = 26.558-89.281 degrees,503,15.98068047,0.65,0.78,5.593238165,0.411013693,200,0.725452125,0,0.411013693,200
503,504,25,6,4,20.001-25 kg ha,Improved Grasslands,<= mean + 3 STD (1 STD + 2STD) = 12.226- 26.557 degrees,504,21.25815392,0.42,0.57,12.32972927,0.899999976,200,0.817750037,0,0.899999976,200
504,505,25,5,5,20.001-25 kg ha,Water & Wetlands,> mean + 3STD = 26.558-89.281 degrees,505,20.43339348,0.54,0.81,9.399361001,0.899999976,200,1,0,0.899999976,200
505,506,25,6,5,20.001-25 kg ha,Improved Grasslands,> mean + 3STD = 26.558-89.281 degrees,506,21.10079956,0.42,0.5,12.23846374,0.899999976,200,0.835467577,0,0.899999976,200
506,507,15,4,5,14.001-15 kg ha,Built-up and artificial,> mean + 3STD = 26.558-89.281 degrees,507,14.47797918,0.22,0.18,11.29282376,0.813824058,200,0.883800268,0,0.813824058,200
507,508,15,6,5,14.001-15 kg ha,Improved Grasslands,> mean + 3STD = 26.558-89.281 degrees,508,14.42797852,0.59,0.63,5.915471193,0.899999976,200,0.771229148,0,0.899999976,200
508,509,30,3,1,25.001-30 kg ha,Cropland,<= 1/2 STD = < 2.53 degrees,509,26.52323532,0.53,0.76,12.4659206,0.606958091,200,0.08455874,0,0.606958091,200
509,510,30,3,2,25.001-30 kg ha,Cropland,<= mean = 2.531- 5.06 degrees,510,26.66577339,0.46,0.57,14.39951763,0.319022894,200,0.016869403,0,0.319022894,200
510,511,30,1,1,25.001-30 kg ha,NaturalTrees,<= 1/2 STD = < 2.53 degrees,511,26.26130009,0.5,0.76,13.13065005,0.813225687,200,0.892202735,0,0.813225687,200
511,512,30,4,1,25.001-30 kg ha,Built-up and artificial,<= 1/2 STD = < 2.53 degrees,512,26.3250618,0.5,0.73,13.1625309,0.130451262,200,0.921530664,0,0.130451262,200
512,513,30,5,1,25.001-30 kg ha,Water & Wetlands,<= 1/2 STD = < 2.53 degrees,513,26.34544754,0.59,0.81,10.80163349,0.247830093,200,0.964465499,0,0.247830093,200
513,514,30,1,2,25.001-30 kg ha,NaturalTrees,<= mean = 2.531- 5.06 degrees,514,26.33401108,0.49,0.66,13.43034565,0.899999976,200,0.293557435,0,0.899999976,200
514,515,30,4,2,25.001-30 kg ha,Built-up and artificial,<= mean = 2.531- 5.06 degrees,515,26.87591743,0.47,0.68,14.24423624,0.093712188,200,0.918434083,0,0.093712188,200
515,516,30,2,1,25.001-30 kg ha,Non-wood Natural,<= 1/2 STD = < 2.53 degrees,516,25.94551754,0.53,0.78,12.19439324,0.850735784,200,0.990184844,0,0.850735784,200
516,517,30,4,3,25.001-30 kg ha,Built-up and artificial,<= mean + 1 STD = 5.061-12.225 degrees,517,26.99655914,0.41,0.55,15.92796989,0.342286468,200,0.748823702,0,0.342286468,200
517,518,30,6,1,25.001-30 kg ha,Improved Grasslands,<= 1/2 STD = < 2.53 degrees,518,25.97548676,0.56,0.79,11.42921417,0.899999976,200,0.68408829,0,0.899999976,200
518,519,30,2,2,25.001-30 kg ha,Non-wood Natural,<= mean = 2.531- 5.06 degrees,519,26.04001236,0.47,0.68,13.80120655,0.899999976,200,0.960981071,0,0.899999976,200
519,520,30,5,2,25.001-30 kg ha,Water & Wetlands,<= mean = 2.531- 5.06 degrees,520,26.54266548,0.5,0.75,13.27133274,0.302750885,200,1,0,0.302750885,200
520,521,30,6,2,25.001-30 kg ha,Improved Grasslands,<= mean = 2.531- 5.06 degrees,521,26.42238235,0.49,0.72,13.475415,0.899999976,200,2.46E-09,0,0.899999976,200
521,522,30,1,3,25.001-30 kg ha,NaturalTrees,<= mean + 1 STD = 5.061-12.225 degrees,522,27.06483078,0.42,0.52,15.69760185,0.899999976,200,0,0,0.899999976,200
522,523,30,5,3,25.001-30 kg ha,Water & Wetlands,<= mean + 1 STD = 5.061-12.225 degrees,523,26.69684124,0.5,0.73,13.34842062,0.234797269,200,1,0,0.234797269,200
523,524,30,3,3,25.001-30 kg ha,Cropland,<= mean + 1 STD = 5.061-12.225 degrees,524,27.38913727,0.45,0.55,15.0640255,0.166689664,200,0.010258994,0,0.166689664,200
524,525,30,2,3,25.001-30 kg ha,Non-wood Natural,<= mean + 1 STD = 5.061-12.225 degrees,525,26.88762665,0.38,0.4,16.67032852,0.899999976,200,0.515253276,0,0.899999976,200
525,526,30,6,3,25.001-30 kg ha,Improved Grasslands,<= mean + 1 STD = 5.061-12.225 degrees,526,27.09736061,0.42,0.55,15.71646915,0.899999976,200,0,0,0.899999976,200
526,527,30,1,4,25.001-30 kg ha,NaturalTrees,<= mean + 3 STD (1 STD + 2STD) = 12.226- 26.557 degrees,527,27.46481323,0.38,0.42,17.0281842,0.899999976,200,0,0,0.899999976,200
527,528,20,3,5,17.001-20 kg ha,Cropland,> mean + 3STD = 26.558-89.281 degrees,528,18.11664009,0.65,0.62,6.340824032,0.823426485,200,0.673741281,0,0.823426485,200
528,529,25,4,5,20.001-25 kg ha,Built-up and artificial,> mean + 3STD = 26.558-89.281 degrees,529,21.5073595,0.41,0.43,12.68934211,0.899999976,200,0.87653777,0,0.899999976,200
529,530,40,3,1,30.001-40 kg ha,Cropland,<= 1/2 STD = < 2.53 degrees,530,32.60879898,0.48,0.73,16.95657547,0.494850367,200,0.010593505,0,0.494850367,200
530,531,40,1,1,30.001-40 kg ha,NaturalTrees,<= 1/2 STD = < 2.53 degrees,531,32.23281479,0.48,0.72,16.76106369,0.683106959,200,0.416916132,0,0.683106959,200
531,532,40,6,1,30.001-40 kg ha,Improved Grasslands,<= 1/2 STD = < 2.53 degrees,532,32.87424469,0.48,0.72,17.09460724,0.844019055,200,0.016346891,0,0.844019055,200
532,533,30,3,4,25.001-30 kg ha,Cropland,<= mean + 3 STD (1 STD + 2STD) = 12.226- 26.557 degrees,533,27.53829956,0.44,0.55,15.42144775,0.446181476,200,0,0,0.446181476,200
533,534,30,5,4,25.001-30 kg ha,Water & Wetlands,<= mean + 3 STD (1 STD + 2STD) = 12.226- 26.557 degrees,534,26.71343422,0.41,0.63,15.76092619,0.410163611,200,1,0,0.410163611,200
534,535,30,2,4,25.001-30 kg ha,Non-wood Natural,<= mean + 3 STD (1 STD + 2STD) = 12.226- 26.557 degrees,535,26.91662216,0.34,0.34,17.76497063,0,200,0.419181421,0,0,200
535,536,30,1,5,25.001-30 kg ha,NaturalTrees,> mean + 3STD = 26.558-89.281 degrees,536,27.4224081,0.36,0.34,17.55034118,0.822223186,200,0,0,0.822223186,200
536,537,30,6,4,25.001-30 kg ha,Improved Grasslands,<= mean + 3 STD (1 STD + 2STD) = 12.226- 26.557 degrees,537,26.965271,0.38,0.38,16.71846802,0.899999976,200,0,0,0.899999976,200
537,538,30,4,4,25.001-30 kg ha,Built-up and artificial,<= mean + 3 STD (1 STD + 2STD) = 12.226- 26.557 degrees,538,27.49971008,0.36,0.39,17.59981445,0.803088486,200,0.684861004,0,0.803088486,200
538,539,40,5,1,30.001-40 kg ha,Water & Wetlands,<= 1/2 STD = < 2.53 degrees,539,32.10757446,0.5,0.74,16.05378723,0.000910908,200,0.95792371,0,0.000910908,200
539,540,40,2,1,30.001-40 kg ha,Non-wood Natural,<= 1/2 STD = < 2.53 degrees,540,32.81464386,0.47,0.73,17.39176125,0.523243725,200,0.459753126,0,0.523243725,200
540,541,40,1,2,30.001-40 kg ha,NaturalTrees,<= mean = 2.531- 5.06 degrees,541,31.72979355,0.48,0.7,16.49949265,0.886591077,200,0.16186168,0,0.886591077,200
541,542,40,6,2,30.001-40 kg ha,Improved Grasslands,<= mean = 2.531- 5.06 degrees,542,31.96961975,0.47,0.7,16.94389847,0.899999976,200,0,0,0.899999976,200
542,543,40,4,1,30.001-40 kg ha,Built-up and artificial,<= 1/2 STD = < 2.53 degrees,543,32.87062836,0.47,0.72,17.42143303,0.155509308,200,0.76954335,0,0.155509308,200
543,544,40,3,2,30.001-40 kg ha,Cropland,<= mean = 2.531- 5.06 degrees,544,31.70279503,0.48,0.72,16.48545342,0.544568598,200,0.001066056,0,0.544568598,200
544,545,40,1,3,30.001-40 kg ha,NaturalTrees,<= mean + 1 STD = 5.061-12.225 degrees,545,31.47084236,0.36,0.52,20.14133911,0.899999976,200,0.006808853,0,0.899999976,200
545,546,40,3,3,30.001-40 kg ha,Cropland,<= mean + 1 STD = 5.061-12.225 degrees,546,31.08102989,0.41,0.58,18.33780764,0.490195245,200,0,0,0.490195245,200
546,547,40,5,3,30.001-40 kg ha,Water & Wetlands,<= mean + 1 STD = 5.061-12.225 degrees,547,32.65292358,0.51,0.74,15.99993255,0.12877959,200,0.978771031,0,0.12877959,200
547,548,40,5,2,30.001-40 kg ha,Water & Wetlands,<= mean = 2.531- 5.06 degrees,548,32.32080841,0.5,0.74,16.16040421,0.164530188,200,0.997013301,0,0.164530188,200
548,549,40,6,3,30.001-40 kg ha,Improved Grasslands,<= mean + 1 STD = 5.061-12.225 degrees,549,31.57599068,0.36,0.57,20.20863404,0.899999976,200,0,0,0.899999976,200
549,550,40,4,2,30.001-40 kg ha,Built-up and artificial,<= mean = 2.531- 5.06 degrees,550,32.65314674,0.46,0.71,17.63269924,0.189636588,200,0.851274669,0,0.189636588,200
550,551,40,2,2,30.001-40 kg ha,Non-wood Natural,<= mean = 2.531- 5.06 degrees,551,32.26648712,0.44,0.62,18.06923279,0.822223186,200,0.594263077,0,0.822223186,200
551,552,40,4,3,30.001-40 kg ha,Built-up and artificial,<= mean + 1 STD = 5.061-12.225 degrees,552,32.10438156,0.36,0.52,20.5468042,0.42300728,200,0.761173546,0,0.42300728,200
552,553,40,2,3,30.001-40 kg ha,Non-wood Natural,<= mean + 1 STD = 5.061-12.225 degrees,553,32.11014557,0.35,0.52,20.87159462,0.851959765,200,0.328909129,0,0.851959765,200
553,554,40,1,4,30.001-40 kg ha,NaturalTrees,<= mean + 3 STD (1 STD + 2STD) = 12.226- 26.557 degrees,554,31.8223114,0.29,0.45,22.59384109,0.899999976,200,0,0,0.899999976,200
554,555,40,6,4,30.001-40 kg ha,Improved Grasslands,<= mean + 3 STD (1 STD + 2STD) = 12.226- 26.557 degrees,555,31.40265846,0.3,0.5,21.98186092,0.899999976,200,0,0,0.899999976,200
555,556,40,3,4,30.001-40 kg ha,Cropland,<= mean + 3 STD (1 STD + 2STD) = 12.226- 26.557 degrees,556,31.23078156,0.36,0.52,19.9877002,0.797747314,200,0,0,0.797747314,200
556,557,25,3,5,20.001-25 kg ha,Cropland,> mean + 3STD = 26.558-89.281 degrees,557,20.89433479,0.42,0.58,12.11871418,0.899999976,200,0,0,0.899999976,200
557,558,20,6,5,17.001-20 kg ha,Improved Grasslands,> mean + 3STD = 26.558-89.281 degrees,558,18.20742226,0.65,0.6,6.372597791,0.899999976,200,0.290864199,0,0.899999976,200
558,559,40,5,4,30.001-40 kg ha,Water & Wetlands,<= mean + 3 STD (1 STD + 2STD) = 12.226- 26.557 degrees,559,32.20926666,0.69,0.81,9.984872665,0.054208435,200,0.335376039,0,0.054208435,200
559,560,40,5,5,30.001-40 kg ha,Water & Wetlands,> mean + 3STD = 26.558-89.281 degrees,560,32.35630417,0.55013369,0.751791444,14.55601116,0,200,0.654592266,0,0,200
560,561,40,4,4,30.001-40 kg ha,Built-up and artificial,<= mean + 3 STD (1 STD + 2STD) = 12.226- 26.557 degrees,561,32.20655823,0.29,0.52,22.86665634,0.626754463,200,0.730330437,0,0.626754463,200
561,562,40,2,4,30.001-40 kg ha,Non-wood Natural,<= mean + 3 STD (1 STD + 2STD) = 12.226- 26.557 degrees,562,32.06579971,0.29,0.45,22.76671779,0,200,0.410792679,0,0,200
562,563,40,1,5,30.001-40 kg ha,NaturalTrees,> mean + 3STD = 26.558-89.281 degrees,563,32.09918213,0.13,0.15,27.92628845,0.595642149,200,0,0,0.595642149,200
563,564,30,3,5,25.001-30 kg ha,Cropland,> mean + 3STD = 26.558-89.281 degrees,564,27.65574741,0.4,0.47,16.59344845,0.84097743,200,0,0,0.84097743,200
564,565,30,5,5,25.001-30 kg ha,Water & Wetlands,> mean + 3STD = 26.558-89.281 degrees,565,26.80930996,0.55013369,0.751791444,12.06060535,0.16095157,200,0.654592266,0,0.16095157,200
565,566,30,4,5,25.001-30 kg ha,Built-up and artificial,> mean + 3STD = 26.558-89.281 degrees,566,28.26127243,0.38,0.27,17.52198891,0.720332742,200,0.876265824,0,0.720332742,200
566,567,53,6,1,40.001-53 (max) kg ha,Improved Grasslands,<= 1/2 STD = < 2.53 degrees,567,42.98126984,0.45,0.74,23.63969841,0.899999976,200,0.064348847,0,0.899999976,200
567,568,53,1,1,40.001-53 (max) kg ha,NaturalTrees,<= 1/2 STD = < 2.53 degrees,568,42.97037506,0.45,0.74,23.63370628,0.756814301,200,0.414840773,0,0.756814301,200
568,569,53,3,1,40.001-53 (max) kg ha,Cropland,<= 1/2 STD = < 2.53 degrees,569,42.8153801,0.45,0.74,23.54845906,0.651679039,200,0.008378013,0,0.651679039,200
569,570,53,2,1,40.001-53 (max) kg ha,Non-wood Natural,<= 1/2 STD = < 2.53 degrees,570,43.79364777,0.45,0.74,24.08650627,0.685851038,200,0.072718233,0,0.685851038,200
570,571,53,4,1,40.001-53 (max) kg ha,Built-up and artificial,<= 1/2 STD = < 2.53 degrees,571,42.60590363,0.45,0.74,23.433247,0.250478834,200,0.686578393,0,0.250478834,200
571,572,53,3,2,40.001-53 (max) kg ha,Cropland,<= mean = 2.531- 5.06 degrees,572,43.50349045,0.45,0.73,23.92691975,0.751629472,200,0,0,0.751629472,200
572,573,53,6,2,40.001-53 (max) kg ha,Improved Grasslands,<= mean = 2.531- 5.06 degrees,573,43.68904877,0.45,0.73,24.02897682,0.899999976,200,0,0,0.899999976,200
573,574,53,1,2,40.001-53 (max) kg ha,NaturalTrees,<= mean = 2.531- 5.06 degrees,574,44.16384125,0.45,0.71,24.29011269,0.80189991,200,0.326849788,0,0.80189991,200
574,575,53,2,2,40.001-53 (max) kg ha,Non-wood Natural,<= mean = 2.531- 5.06 degrees,575,43.87187958,0.45,0.73,24.12953377,0.582912445,200,0.051612074,0,0.582912445,200
575,576,53,4,2,40.001-53 (max) kg ha,Built-up and artificial,<= mean = 2.531- 5.06 degrees,576,42.67200661,0.45,0.71,23.46960364,0.259184718,200,0.726833284,0,0.259184718,200
576,577,53,3,3,40.001-53 (max) kg ha,Cropland,<= mean + 1 STD = 5.061-12.225 degrees,577,45.70069885,0.45,0.71,25.13538437,0.750479877,200,0,0,0.750479877,200
577,578,53,5,1,40.001-53 (max) kg ha,Water & Wetlands,<= 1/2 STD = < 2.53 degrees,578,43.50051498,0.49,0.73,22.18526264,0.352844834,200,0.018289492,0,0.352844834,200
578,579,53,5,2,40.001-53 (max) kg ha,Water & Wetlands,<= mean = 2.531- 5.06 degrees,579,43.65873337,0.5,0.73,21.82936669,0.599744797,200,0,0,0.599744797,200
579,580,53,5,3,40.001-53 (max) kg ha,Water & Wetlands,<= mean + 1 STD = 5.061-12.225 degrees,580,43.64446259,0.5,0.74,21.8222313,0.628330827,200,0.553298831,0,0.628330827,200
580,581,53,1,3,40.001-53 (max) kg ha,NaturalTrees,<= mean + 1 STD = 5.061-12.225 degrees,581,44.93774033,0.45,0.71,24.71575718,0.798932791,200,0.349536955,0,0.798932791,200
581,582,53,6,3,40.001-53 (max) kg ha,Improved Grasslands,<= mean + 1 STD = 5.061-12.225 degrees,582,44.16809654,0.45,0.71,24.2924531,0.839758635,200,0,0,0.839758635,200
582,583,53,2,3,40.001-53 (max) kg ha,Non-wood Natural,<= mean + 1 STD = 5.061-12.225 degrees,583,43.63461304,0.45,0.71,23.99903717,0.523020893,200,0.097371701,0,0.523020893,200
583,584,53,1,4,40.001-53 (max) kg ha,NaturalTrees,<= mean + 3 STD (1 STD + 2STD) = 12.226- 26.557 degrees,584,46.83886337,0.45,0.71,25.76137485,0.773641169,200,0.499958917,0,0.773641169,200
584,585,53,2,4,40.001-53 (max) kg ha,Non-wood Natural,<= mean + 3 STD (1 STD + 2STD) = 12.226- 26.557 degrees,585,40.49466705,0.45,0.74,22.27206688,0.899999976,200,0.4665519,0,0.899999976,200
585,586,53,6,4,40.001-53 (max) kg ha,Improved Grasslands,<= mean + 3 STD (1 STD + 2STD) = 12.226- 26.557 degrees,586,48.47411919,0.45,0.725,26.66076555,0.751805484,200,0.534262776,0,0.751805484,200
586,587,53,4,3,40.001-53 (max) kg ha,Built-up and artificial,<= mean + 1 STD = 5.061-12.225 degrees,587,44.34116745,0.44,0.7,24.83105377,0.310833722,200,0.741111398,0,0.310833722,200
587,588,30,6,5,25.001-30 kg ha,Improved Grasslands,> mean + 3STD = 26.558-89.281 degrees,588,26.26838779,0.38,0.29,16.28640043,0.899999976,200,0.084285229,0,0.899999976,200
588,589,30,2,5,25.001-30 kg ha,Non-wood Natural,> mean + 3STD = 26.558-89.281 degrees,589,27.09106541,0.43,0.56,15.44190728,0,200,0.407474726,0,0,200
589,590,40,3,5,30.001-40 kg ha,Cropland,> mean + 3STD = 26.558-89.281 degrees,590,32.76222992,0.36,0.61,20.96782715,0.899999976,200,0,0,0.899999976,200
590,591,40,6,5,30.001-40 kg ha,Improved Grasslands,> mean + 3STD = 26.558-89.281 degrees,591,32.11425781,0.29,0.29,22.80112305,0.899999976,200,0,0,0.899999976,200
591,592,40,4,5,30.001-40 kg ha,Built-up and artificial,> mean + 3STD = 26.558-89.281 degrees,592,32.12650299,0.29,0.52,22.80981712,0.497437313,200,0.895605385,0,0.497437313,200
592,593,40,2,5,30.001-40 kg ha,Non-wood Natural,> mean + 3STD = 26.558-89.281 degrees,593,31.64709663,0,0.07,31.64709663,0,200,0.376899377,0,0,200
593,594,53,3,4,40.001-53 (max) kg ha,Cropland,<= mean + 3 STD (1 STD + 2STD) = 12.226- 26.557 degrees,594,48.60138702,0.45,0.74,26.73076286,0.899999976,200,0.02080235,0,0.899999976,200
594,595,53,5,4,40.001-53 (max) kg ha,Water & Wetlands,<= mean + 3 STD (1 STD + 2STD) = 12.226- 26.557 degrees,595,44.76090622,0.475,0.74,23.49947577,0.899999976,200,0.654592266,0,0.899999976,200
